Monat,Verbraucherpreisindex,Produktgruppe
2011-01-01,101,Gesamt
2011-02-01,101.7,Gesamt
2011-03-01,102.9,Gesamt
2011-04-01,103.4,Gesamt
2011-05-01,103.5,Gesamt
2011-06-01,103.5,Gesamt
2011-07-01,103.3,Gesamt
2011-08-01,103.5,Gesamt
2011-09-01,103.9,Gesamt
2011-10-01,104,Gesamt
2011-11-01,104.1,Gesamt
2011-12-01,104.3,Gesamt
2012-01-01,103.8,Gesamt
2012-02-01,104.3,Gesamt
2012-03-01,105.4,Gesamt
2012-04-01,105.8,Gesamt
2012-05-01,105.7,Gesamt
2012-06-01,105.8,Gesamt
2012-07-01,105.5,Gesamt
2012-08-01,105.8,Gesamt
2012-09-01,106.7,Gesamt
2012-10-01,106.9,Gesamt
2012-11-01,107,Gesamt
2012-12-01,107.2,Gesamt
2013-01-01,106.6,Gesamt
2013-02-01,106.9,Gesamt
2013-03-01,107.8,Gesamt
2013-04-01,107.9,Gesamt
2013-05-01,108.1,Gesamt
2013-06-01,108.1,Gesamt
2013-07-01,107.6,Gesamt
2013-08-01,107.7,Gesamt
2013-09-01,108.5,Gesamt
2013-10-01,108.4,Gesamt
2013-11-01,108.5,Gesamt
2013-12-01,109.2,Gesamt
2014-01-01,108.3,Gesamt
2014-02-01,108.5,Gesamt
2014-03-01,109.6,Gesamt
2014-04-01,109.7,Gesamt
2014-05-01,110,Gesamt
2014-06-01,110.1,Gesamt
2014-07-01,109.5,Gesamt
2014-08-01,109.5,Gesamt
2014-09-01,110.2,Gesamt
2014-10-01,110.1,Gesamt
2014-11-01,110.3,Gesamt
2014-12-01,110.3,Gesamt
2015-01-01,109.1,Gesamt
2015-02-01,109.4,Gesamt
2015-03-01,110.7,Gesamt
2015-04-01,110.8,Gesamt
2015-05-01,111.1,Gesamt
2015-06-01,111.2,Gesamt
2015-07-01,110.8,Gesamt
2015-08-01,110.6,Gesamt
2015-09-01,111,Gesamt
2015-10-01,110.9,Gesamt
2015-11-01,111,Gesamt
2015-12-01,111.4,Gesamt
2016-01-01,110.4786,Gesamt
2016-02-01,110.5893,Gesamt
2016-03-01,111.4749,Gesamt
2016-04-01,111.4749,Gesamt
2016-05-01,111.807,Gesamt
2016-06-01,111.9177,Gesamt
2016-07-01,111.4749,Gesamt
2016-08-01,111.2535,Gesamt
2016-09-01,112.0284,Gesamt
2016-10-01,112.3605,Gesamt
2016-11-01,112.4712,Gesamt
2016-12-01,113.0247,Gesamt
2017-01-01,112.6926,Gesamt
2017-02-01,113.0247,Gesamt
2017-03-01,113.5782,Gesamt
2017-04-01,113.7996,Gesamt
2017-05-01,113.9103,Gesamt
2017-06-01,114.021,Gesamt
2017-07-01,113.6889,Gesamt
2017-08-01,113.5782,Gesamt
2017-09-01,114.6852,Gesamt
2017-10-01,114.7959,Gesamt
2017-11-01,115.0173,Gesamt
2017-12-01,115.4601,Gesamt
2018-01-01,114.6852,Gesamt
2018-02-01,115.0173,Gesamt
2018-03-01,115.6815,Gesamt
2018-04-01,115.9029,Gesamt
2018-05-01,116.1243,Gesamt
2018-06-01,116.3457,Gesamt
2018-07-01,116.1243,Gesamt
2018-08-01,116.1243,Gesamt
2018-09-01,117.0099,Gesamt
2018-10-01,117.342,Gesamt
2018-11-01,117.5634,Gesamt
2018-12-01,117.6741,Gesamt
2019-01-01,116.7885,Gesamt
2019-02-01,116.7885,Gesamt
2019-03-01,117.7848,Gesamt
2019-04-01,117.8955,Gesamt
2019-05-01,118.1169,Gesamt
2019-06-01,118.2276,Gesamt
2019-07-01,117.7848,Gesamt
2019-08-01,117.8955,Gesamt
2019-09-01,118.449,Gesamt
2019-10-01,118.6704,Gesamt
2019-11-01,118.8918,Gesamt
2019-12-01,119.6667,Gesamt
2020-01-01,119.1132,Gesamt
2020-02-01,119.3346,Gesamt
2020-03-01,119.6667,Gesamt
2020-04-01,119.6667,Gesamt
2020-05-01,118.8918,Gesamt
2020-06-01,119.556,Gesamt
2020-07-01,119.7774,Gesamt
2020-08-01,119.556,Gesamt
2020-09-01,120.1095,Gesamt
2020-10-01,120.2202,Gesamt
2020-11-01,120.4416,Gesamt
2020-12-01,121.1058,Gesamt
2021-01-01,120.1594,Gesamt
2021-02-01,120.7584,Gesamt
2021-03-01,122.0762,Gesamt
2021-04-01,121.9564,Gesamt
2021-05-01,122.3158,Gesamt
2021-06-01,122.9148,Gesamt
2021-07-01,123.2742,Gesamt
2021-08-01,123.394,Gesamt
2021-09-01,123.993,Gesamt
2021-10-01,124.7118,Gesamt
2021-11-01,125.5504,Gesamt
2021-12-01,126.2692,Gesamt
2022-01-01,126.1494,Gesamt
2022-02-01,127.7068,Gesamt
2022-03-01,130.3424,Gesamt
2022-04-01,130.7018,Gesamt
2022-05-01,131.78,Gesamt
2022-06-01,133.577,Gesamt
2022-07-01,134.8948,Gesamt
2022-08-01,134.8948,Gesamt
2022-09-01,137.171,Gesamt
2022-10-01,138.4888,Gesamt
2022-11-01,138.8482,Gesamt
2022-12-01,139.0878,Gesamt
2023-01-01,140.2858,Gesamt
2023-02-01,141.6036,Gesamt
2023-03-01,142.3224,Gesamt
2023-04-01,143.2808,Gesamt
2023-05-01,143.5204,Gesamt
2023-06-01,144.2392,Gesamt
2023-07-01,144.359,Gesamt
2011-01-01,103,Alkoholische Getränke und Tabak
2011-02-01,103.8,Alkoholische Getränke und Tabak
2011-03-01,104,Alkoholische Getränke und Tabak
2011-04-01,104.1,Alkoholische Getränke und Tabak
2011-05-01,104.2,Alkoholische Getränke und Tabak
2011-06-01,104.2,Alkoholische Getränke und Tabak
2011-07-01,104.6,Alkoholische Getränke und Tabak
2011-08-01,104.6,Alkoholische Getränke und Tabak
2011-09-01,104.4,Alkoholische Getränke und Tabak
2011-10-01,104.5,Alkoholische Getränke und Tabak
2011-11-01,104,Alkoholische Getränke und Tabak
2011-12-01,104.2,Alkoholische Getränke und Tabak
2012-01-01,105.8,Alkoholische Getränke und Tabak
2012-02-01,106.3,Alkoholische Getränke und Tabak
2012-03-01,106.6,Alkoholische Getränke und Tabak
2012-04-01,106.6,Alkoholische Getränke und Tabak
2012-05-01,106.9,Alkoholische Getränke und Tabak
2012-06-01,106.7,Alkoholische Getränke und Tabak
2012-07-01,106.7,Alkoholische Getränke und Tabak
2012-08-01,107,Alkoholische Getränke und Tabak
2012-09-01,106.8,Alkoholische Getränke und Tabak
2012-10-01,107,Alkoholische Getränke und Tabak
2012-11-01,107,Alkoholische Getränke und Tabak
2012-12-01,106.7,Alkoholische Getränke und Tabak
2013-01-01,107.4,Alkoholische Getränke und Tabak
2013-02-01,107.4,Alkoholische Getränke und Tabak
2013-03-01,110.3,Alkoholische Getränke und Tabak
2013-04-01,111.1,Alkoholische Getränke und Tabak
2013-05-01,110.9,Alkoholische Getränke und Tabak
2013-06-01,111.1,Alkoholische Getränke und Tabak
2013-07-01,111.1,Alkoholische Getränke und Tabak
2013-08-01,111.3,Alkoholische Getränke und Tabak
2013-09-01,111,Alkoholische Getränke und Tabak
2013-10-01,111,Alkoholische Getränke und Tabak
2013-11-01,111,Alkoholische Getränke und Tabak
2013-12-01,111.1,Alkoholische Getränke und Tabak
2014-01-01,111.3,Alkoholische Getränke und Tabak
2014-02-01,111.2,Alkoholische Getränke und Tabak
2014-03-01,114.2,Alkoholische Getränke und Tabak
2014-04-01,115,Alkoholische Getränke und Tabak
2014-05-01,115.3,Alkoholische Getränke und Tabak
2014-06-01,115.4,Alkoholische Getränke und Tabak
2014-07-01,115.7,Alkoholische Getränke und Tabak
2014-08-01,115.5,Alkoholische Getränke und Tabak
2014-09-01,115.2,Alkoholische Getränke und Tabak
2014-10-01,115.5,Alkoholische Getränke und Tabak
2014-11-01,115.5,Alkoholische Getränke und Tabak
2014-12-01,115.8,Alkoholische Getränke und Tabak
2015-01-01,115.8,Alkoholische Getränke und Tabak
2015-02-01,116.4,Alkoholische Getränke und Tabak
2015-03-01,117.4,Alkoholische Getränke und Tabak
2015-04-01,118.5,Alkoholische Getränke und Tabak
2015-05-01,118.5,Alkoholische Getränke und Tabak
2015-06-01,119.1,Alkoholische Getränke und Tabak
2015-07-01,119.1,Alkoholische Getränke und Tabak
2015-08-01,118.7,Alkoholische Getränke und Tabak
2015-09-01,118.8,Alkoholische Getränke und Tabak
2015-10-01,119,Alkoholische Getränke und Tabak
2015-11-01,118.7,Alkoholische Getränke und Tabak
2015-12-01,118.9,Alkoholische Getränke und Tabak
2016-01-01,118.714633333333,Alkoholische Getränke und Tabak
2016-02-01,118.951116666667,Alkoholische Getränke und Tabak
2016-03-01,119.305841666667,Alkoholische Getränke und Tabak
2016-04-01,120.488258333333,Alkoholische Getränke und Tabak
2016-05-01,120.6065,Alkoholische Getränke und Tabak
2016-06-01,120.370016666667,Alkoholische Getränke und Tabak
2016-07-01,120.015291666667,Alkoholische Getränke und Tabak
2016-08-01,120.251775,Alkoholische Getränke und Tabak
2016-09-01,120.251775,Alkoholische Getränke und Tabak
2016-10-01,120.488258333333,Alkoholische Getränke und Tabak
2016-11-01,120.488258333333,Alkoholische Getränke und Tabak
2016-12-01,120.251775,Alkoholische Getränke und Tabak
2017-01-01,120.842983333333,Alkoholische Getränke und Tabak
2017-02-01,121.434191666667,Alkoholische Getränke und Tabak
2017-03-01,121.670675,Alkoholische Getränke und Tabak
2017-04-01,124.271991666667,Alkoholische Getränke und Tabak
2017-05-01,124.626716666667,Alkoholische Getränke und Tabak
2017-06-01,124.981441666667,Alkoholische Getränke und Tabak
2017-07-01,124.981441666667,Alkoholische Getränke und Tabak
2017-08-01,124.744958333333,Alkoholische Getränke und Tabak
2017-09-01,124.626716666667,Alkoholische Getränke und Tabak
2017-10-01,124.981441666667,Alkoholische Getränke und Tabak
2017-11-01,124.626716666667,Alkoholische Getränke und Tabak
2017-12-01,124.8632,Alkoholische Getränke und Tabak
2018-01-01,126.755066666667,Alkoholische Getränke und Tabak
2018-02-01,126.873308333333,Alkoholische Getränke und Tabak
2018-03-01,128.173966666667,Alkoholische Getränke und Tabak
2018-04-01,127.937483333333,Alkoholische Getränke und Tabak
2018-05-01,127.937483333333,Alkoholische Getränke und Tabak
2018-06-01,129.474625,Alkoholische Getränke und Tabak
2018-07-01,129.592866666667,Alkoholische Getränke und Tabak
2018-08-01,129.711108333333,Alkoholische Getränke und Tabak
2018-09-01,129.474625,Alkoholische Getränke und Tabak
2018-10-01,129.592866666667,Alkoholische Getränke und Tabak
2018-11-01,129.238141666667,Alkoholische Getränke und Tabak
2018-12-01,129.356383333333,Alkoholische Getränke und Tabak
2019-01-01,129.001658333333,Alkoholische Getränke und Tabak
2019-02-01,129.238141666667,Alkoholische Getränke und Tabak
2019-03-01,130.184075,Alkoholische Getränke und Tabak
2019-04-01,129.82935,Alkoholische Getränke und Tabak
2019-05-01,129.592866666667,Alkoholische Getränke und Tabak
2019-06-01,130.065833333333,Alkoholische Getränke und Tabak
2019-07-01,130.302316666667,Alkoholische Getränke und Tabak
2019-08-01,130.184075,Alkoholische Getränke und Tabak
2019-09-01,130.302316666667,Alkoholische Getränke und Tabak
2019-10-01,130.302316666667,Alkoholische Getränke und Tabak
2019-11-01,130.420558333333,Alkoholische Getränke und Tabak
2019-12-01,129.947591666667,Alkoholische Getränke und Tabak
2020-01-01,130.893525,Alkoholische Getränke und Tabak
2020-02-01,131.484733333333,Alkoholische Getränke und Tabak
2020-03-01,131.24825,Alkoholische Getränke und Tabak
2020-04-01,132.194183333333,Alkoholische Getränke und Tabak
2020-05-01,131.130008333333,Alkoholische Getränke und Tabak
2020-06-01,131.24825,Alkoholische Getränke und Tabak
2020-07-01,130.657041666667,Alkoholische Getränke und Tabak
2020-08-01,131.24825,Alkoholische Getränke und Tabak
2020-09-01,131.366491666667,Alkoholische Getränke und Tabak
2020-10-01,133.021875,Alkoholische Getränke und Tabak
2020-11-01,132.903633333333,Alkoholische Getränke und Tabak
2020-12-01,130.657041666667,Alkoholische Getränke und Tabak
2021-01-01,132.819484680556,Alkoholische Getränke und Tabak
2021-02-01,132.293466919444,Alkoholische Getränke und Tabak
2021-03-01,133.871520202778,Alkoholische Getränke und Tabak
2021-04-01,133.871520202778,Alkoholische Getränke und Tabak
2021-05-01,134.660546844444,Alkoholische Getränke und Tabak
2021-06-01,135.186564605556,Alkoholische Getränke und Tabak
2021-07-01,135.712582366667,Alkoholische Getränke und Tabak
2021-08-01,135.581077926389,Alkoholische Getränke und Tabak
2021-09-01,135.712582366667,Alkoholische Getränke und Tabak
2021-10-01,135.318069045833,Alkoholische Getränke und Tabak
2021-11-01,135.844086806944,Alkoholische Getränke und Tabak
2021-12-01,134.923555725,Alkoholische Getränke und Tabak
2022-01-01,135.581077926389,Alkoholische Getränke und Tabak
2022-02-01,135.581077926389,Alkoholische Getränke und Tabak
2022-03-01,136.896122329167,Alkoholische Getränke und Tabak
2022-04-01,138.342671172222,Alkoholische Getränke und Tabak
2022-05-01,139.526211134722,Alkoholische Getränke und Tabak
2022-06-01,140.8412555375,Alkoholische Getränke und Tabak
2022-07-01,141.104264418056,Alkoholische Getränke und Tabak
2022-08-01,141.104264418056,Alkoholische Getränke und Tabak
2022-09-01,140.8412555375,Alkoholische Getränke und Tabak
2022-10-01,140.8412555375,Alkoholische Getränke und Tabak
2022-11-01,141.235768858333,Alkoholische Getränke und Tabak
2022-12-01,141.367273298611,Alkoholische Getränke und Tabak
2023-01-01,141.630282179167,Alkoholische Getränke und Tabak
2023-02-01,145.180902066667,Alkoholische Getränke und Tabak
2023-03-01,147.021964230556,Alkoholische Getränke und Tabak
2023-04-01,149.389044155556,Alkoholische Getränke und Tabak
2023-05-01,148.863026394444,Alkoholische Getränke und Tabak
2023-06-01,150.046566356944,Alkoholische Getränke und Tabak
2023-07-01,150.441079677778,Alkoholische Getränke und Tabak
2011-01-01,92.8,Bekleidung und Schuhe
2011-02-01,96.3,Bekleidung und Schuhe
2011-03-01,106.6,Bekleidung und Schuhe
2011-04-01,108.2,Bekleidung und Schuhe
2011-05-01,107.8,Bekleidung und Schuhe
2011-06-01,105.3,Bekleidung und Schuhe
2011-07-01,91.5,Bekleidung und Schuhe
2011-08-01,94,Bekleidung und Schuhe
2011-09-01,106.2,Bekleidung und Schuhe
2011-10-01,108.9,Bekleidung und Schuhe
2011-11-01,109.6,Bekleidung und Schuhe
2011-12-01,108.3,Bekleidung und Schuhe
2012-01-01,93.8,Bekleidung und Schuhe
2012-02-01,95,Bekleidung und Schuhe
2012-03-01,107.3,Bekleidung und Schuhe
2012-04-01,110.2,Bekleidung und Schuhe
2012-05-01,109.8,Bekleidung und Schuhe
2012-06-01,105.7,Bekleidung und Schuhe
2012-07-01,92.8,Bekleidung und Schuhe
2012-08-01,93.6,Bekleidung und Schuhe
2012-09-01,109.9,Bekleidung und Schuhe
2012-10-01,111.7,Bekleidung und Schuhe
2012-11-01,112.2,Bekleidung und Schuhe
2012-12-01,109.8,Bekleidung und Schuhe
2013-01-01,95.9,Bekleidung und Schuhe
2013-02-01,96.7,Bekleidung und Schuhe
2013-03-01,108.3,Bekleidung und Schuhe
2013-04-01,109.2,Bekleidung und Schuhe
2013-05-01,109.5,Bekleidung und Schuhe
2013-06-01,105.1,Bekleidung und Schuhe
2013-07-01,91.8,Bekleidung und Schuhe
2013-08-01,94.4,Bekleidung und Schuhe
2013-09-01,111.1,Bekleidung und Schuhe
2013-10-01,112.6,Bekleidung und Schuhe
2013-11-01,113,Bekleidung und Schuhe
2013-12-01,113,Bekleidung und Schuhe
2014-01-01,95.8,Bekleidung und Schuhe
2014-02-01,95.3,Bekleidung und Schuhe
2014-03-01,108.1,Bekleidung und Schuhe
2014-04-01,109.5,Bekleidung und Schuhe
2014-05-01,109.3,Bekleidung und Schuhe
2014-06-01,105.5,Bekleidung und Schuhe
2014-07-01,92.3,Bekleidung und Schuhe
2014-08-01,93.3,Bekleidung und Schuhe
2014-09-01,108.4,Bekleidung und Schuhe
2014-10-01,111.2,Bekleidung und Schuhe
2014-11-01,111.8,Bekleidung und Schuhe
2014-12-01,111,Bekleidung und Schuhe
2015-01-01,94.7,Bekleidung und Schuhe
2015-02-01,93.7,Bekleidung und Schuhe
2015-03-01,107.9,Bekleidung und Schuhe
2015-04-01,109.8,Bekleidung und Schuhe
2015-05-01,109.6,Bekleidung und Schuhe
2015-06-01,106.1,Bekleidung und Schuhe
2015-07-01,92.4,Bekleidung und Schuhe
2015-08-01,93.9,Bekleidung und Schuhe
2015-09-01,109.6,Bekleidung und Schuhe
2015-10-01,112,Bekleidung und Schuhe
2015-11-01,112.3,Bekleidung und Schuhe
2015-12-01,111.4,Bekleidung und Schuhe
2016-01-01,97.1385,Bekleidung und Schuhe
2016-02-01,95.57175,Bekleidung und Schuhe
2016-03-01,108.52355,Bekleidung und Schuhe
2016-04-01,110.19475,Bekleidung und Schuhe
2016-05-01,109.77695,Bekleidung und Schuhe
2016-06-01,107.3746,Bekleidung und Schuhe
2016-07-01,94.2139,Bekleidung und Schuhe
2016-08-01,91.60265,Bekleidung und Schuhe
2016-09-01,109.35915,Bekleidung und Schuhe
2016-10-01,112.49265,Bekleidung und Schuhe
2016-11-01,113.74605,Bekleidung und Schuhe
2016-12-01,112.5971,Bekleidung und Schuhe
2017-01-01,98.91415,Bekleidung und Schuhe
2017-02-01,96.3029,Bekleidung und Schuhe
2017-03-01,110.40365,Bekleidung und Schuhe
2017-04-01,111.03035,Bekleidung und Schuhe
2017-05-01,111.44815,Bekleidung und Schuhe
2017-06-01,108.31465,Bekleidung und Schuhe
2017-07-01,93.48275,Bekleidung und Schuhe
2017-08-01,92.64715,Bekleidung und Schuhe
2017-09-01,112.91045,Bekleidung und Schuhe
2017-10-01,115.1039,Bekleidung und Schuhe
2017-11-01,116.04395,Bekleidung und Schuhe
2017-12-01,114.4772,Bekleidung und Schuhe
2018-01-01,99.4364,Bekleidung und Schuhe
2018-02-01,98.6008,Bekleidung und Schuhe
2018-03-01,111.23925,Bekleidung und Schuhe
2018-04-01,112.70155,Bekleidung und Schuhe
2018-05-01,111.7615,Bekleidung und Schuhe
2018-06-01,109.35915,Bekleidung und Schuhe
2018-07-01,94.31835,Bekleidung und Schuhe
2018-08-01,92.3338,Bekleidung und Schuhe
2018-09-01,112.3882,Bekleidung und Schuhe
2018-10-01,114.79055,Bekleidung und Schuhe
2018-11-01,115.7306,Bekleidung und Schuhe
2018-12-01,115.41725,Bekleidung und Schuhe
2019-01-01,100.6898,Bekleidung und Schuhe
2019-02-01,97.5563,Bekleidung und Schuhe
2019-03-01,112.1793,Bekleidung und Schuhe
2019-04-01,113.0149,Bekleidung und Schuhe
2019-05-01,113.2238,Bekleidung und Schuhe
2019-06-01,109.0458,Bekleidung und Schuhe
2019-07-01,95.2584,Bekleidung und Schuhe
2019-08-01,94.73615,Bekleidung und Schuhe
2019-09-01,113.4327,Bekleidung und Schuhe
2019-10-01,116.67065,Bekleidung und Schuhe
2019-11-01,116.46175,Bekleidung und Schuhe
2019-12-01,116.46175,Bekleidung und Schuhe
2020-01-01,102.7788,Bekleidung und Schuhe
2020-02-01,99.12305,Bekleidung und Schuhe
2020-03-01,112.49265,Bekleidung und Schuhe
2020-04-01,113.0149,Bekleidung und Schuhe
2020-05-01,110.19475,Bekleidung und Schuhe
2020-06-01,107.1657,Bekleidung und Schuhe
2020-07-01,98.49635,Bekleidung und Schuhe
2020-08-01,93.5872,Bekleidung und Schuhe
2020-09-01,112.91045,Bekleidung und Schuhe
2020-10-01,116.1484,Bekleidung und Schuhe
2020-11-01,116.25285,Bekleidung und Schuhe
2020-12-01,114.99945,Bekleidung und Schuhe
2021-01-01,104.637940366667,Bekleidung und Schuhe
2021-02-01,96.638758975,Bekleidung und Schuhe
2021-03-01,110.691374933333,Bekleidung und Schuhe
2021-04-01,113.069509941667,Bekleidung und Schuhe
2021-05-01,112.745218804167,Bekleidung und Schuhe
2021-06-01,111.664248345833,Bekleidung und Schuhe
2021-07-01,100.8545437625,Bekleidung und Schuhe
2021-08-01,96.3144678375,Bekleidung und Schuhe
2021-09-01,113.069509941667,Bekleidung und Schuhe
2021-10-01,115.015256766667,Bekleidung und Schuhe
2021-11-01,115.880033133333,Bekleidung und Schuhe
2021-12-01,115.231450858333,Bekleidung und Schuhe
2022-01-01,103.665066954167,Bekleidung und Schuhe
2022-02-01,102.259805358333,Bekleidung und Schuhe
2022-03-01,110.799471979167,Bekleidung und Schuhe
2022-04-01,114.582868583333,Bekleidung und Schuhe
2022-05-01,114.042383354167,Bekleidung und Schuhe
2022-06-01,112.5290247125,Bekleidung und Schuhe
2022-07-01,100.962640808333,Bekleidung und Schuhe
2022-08-01,97.28734125,Bekleidung und Schuhe
2022-09-01,112.312830620833,Bekleidung und Schuhe
2022-10-01,119.447235645833,Bekleidung und Schuhe
2022-11-01,121.068691333333,Bekleidung und Schuhe
2022-12-01,121.176788379167,Bekleidung und Schuhe
2023-01-01,110.25898675,Bekleidung und Schuhe
2023-02-01,108.421336970833,Bekleidung und Schuhe
2023-03-01,118.582459279167,Bekleidung und Schuhe
2023-04-01,120.852497241667,Bekleidung und Schuhe
2023-05-01,121.068691333333,Bekleidung und Schuhe
2023-06-01,119.771526783333,Bekleidung und Schuhe
2023-07-01,107.880851741667,Bekleidung und Schuhe
2011-01-01,101.8,Erziehung und Unterricht
2011-02-01,102.2,Erziehung und Unterricht
2011-03-01,102.5,Erziehung und Unterricht
2011-04-01,102.5,Erziehung und Unterricht
2011-05-01,102.6,Erziehung und Unterricht
2011-06-01,102.6,Erziehung und Unterricht
2011-07-01,102.6,Erziehung und Unterricht
2011-08-01,102.7,Erziehung und Unterricht
2011-09-01,107.1,Erziehung und Unterricht
2011-10-01,107.2,Erziehung und Unterricht
2011-11-01,107.3,Erziehung und Unterricht
2011-12-01,107.4,Erziehung und Unterricht
2012-01-01,107.6,Erziehung und Unterricht
2012-02-01,107.2,Erziehung und Unterricht
2012-03-01,107.2,Erziehung und Unterricht
2012-04-01,107.3,Erziehung und Unterricht
2012-05-01,107.3,Erziehung und Unterricht
2012-06-01,107.3,Erziehung und Unterricht
2012-07-01,108,Erziehung und Unterricht
2012-08-01,108.3,Erziehung und Unterricht
2012-09-01,110.1,Erziehung und Unterricht
2012-10-01,111,Erziehung und Unterricht
2012-11-01,111,Erziehung und Unterricht
2012-12-01,111.1,Erziehung und Unterricht
2013-01-01,111.2,Erziehung und Unterricht
2013-02-01,110.3,Erziehung und Unterricht
2013-03-01,112.7,Erziehung und Unterricht
2013-04-01,112.9,Erziehung und Unterricht
2013-05-01,112.8,Erziehung und Unterricht
2013-06-01,112.8,Erziehung und Unterricht
2013-07-01,113.4,Erziehung und Unterricht
2013-08-01,114,Erziehung und Unterricht
2013-09-01,115,Erziehung und Unterricht
2013-10-01,114.5,Erziehung und Unterricht
2013-11-01,114.6,Erziehung und Unterricht
2013-12-01,114.7,Erziehung und Unterricht
2014-01-01,114.9,Erziehung und Unterricht
2014-02-01,115.2,Erziehung und Unterricht
2014-03-01,115.3,Erziehung und Unterricht
2014-04-01,115.4,Erziehung und Unterricht
2014-05-01,115.5,Erziehung und Unterricht
2014-06-01,115.5,Erziehung und Unterricht
2014-07-01,116.4,Erziehung und Unterricht
2014-08-01,116.6,Erziehung und Unterricht
2014-09-01,117.1,Erziehung und Unterricht
2014-10-01,117.8,Erziehung und Unterricht
2014-11-01,117.8,Erziehung und Unterricht
2014-12-01,118,Erziehung und Unterricht
2015-01-01,118.4,Erziehung und Unterricht
2015-02-01,118.5,Erziehung und Unterricht
2015-03-01,118.5,Erziehung und Unterricht
2015-04-01,118.8,Erziehung und Unterricht
2015-05-01,118.9,Erziehung und Unterricht
2015-06-01,118.9,Erziehung und Unterricht
2015-07-01,119.7,Erziehung und Unterricht
2015-08-01,119.8,Erziehung und Unterricht
2015-09-01,119.8,Erziehung und Unterricht
2015-10-01,119.9,Erziehung und Unterricht
2015-11-01,119.9,Erziehung und Unterricht
2015-12-01,120.1,Erziehung und Unterricht
2016-01-01,120.2208,Erziehung und Unterricht
2016-02-01,120.5786,Erziehung und Unterricht
2016-03-01,119.982266666667,Erziehung und Unterricht
2016-04-01,120.101533333333,Erziehung und Unterricht
2016-05-01,120.101533333333,Erziehung und Unterricht
2016-06-01,120.101533333333,Erziehung und Unterricht
2016-07-01,120.9364,Erziehung und Unterricht
2016-08-01,120.9364,Erziehung und Unterricht
2016-09-01,121.413466666667,Erziehung und Unterricht
2016-10-01,121.2942,Erziehung und Unterricht
2016-11-01,121.2942,Erziehung und Unterricht
2016-12-01,121.2942,Erziehung und Unterricht
2017-01-01,121.890533333333,Erziehung und Unterricht
2017-02-01,122.3676,Erziehung und Unterricht
2017-03-01,122.3676,Erziehung und Unterricht
2017-04-01,122.486866666667,Erziehung und Unterricht
2017-05-01,122.486866666667,Erziehung und Unterricht
2017-06-01,122.486866666667,Erziehung und Unterricht
2017-07-01,122.7254,Erziehung und Unterricht
2017-08-01,122.7254,Erziehung und Unterricht
2017-09-01,123.679533333333,Erziehung und Unterricht
2017-10-01,123.918066666667,Erziehung und Unterricht
2017-11-01,123.918066666667,Erziehung und Unterricht
2017-12-01,124.037333333333,Erziehung und Unterricht
2018-01-01,124.1566,Erziehung und Unterricht
2018-02-01,124.1566,Erziehung und Unterricht
2018-03-01,124.752933333333,Erziehung und Unterricht
2018-04-01,125.110733333333,Erziehung und Unterricht
2018-05-01,125.110733333333,Erziehung und Unterricht
2018-06-01,125.110733333333,Erziehung und Unterricht
2018-07-01,125.468533333333,Erziehung und Unterricht
2018-08-01,125.468533333333,Erziehung und Unterricht
2018-09-01,127.019,Erziehung und Unterricht
2018-10-01,127.973133333333,Erziehung und Unterricht
2018-11-01,127.973133333333,Erziehung und Unterricht
2018-12-01,127.973133333333,Erziehung und Unterricht
2019-01-01,127.973133333333,Erziehung und Unterricht
2019-02-01,128.330933333333,Erziehung und Unterricht
2019-03-01,128.330933333333,Erziehung und Unterricht
2019-04-01,128.330933333333,Erziehung und Unterricht
2019-05-01,128.330933333333,Erziehung und Unterricht
2019-06-01,128.21166666666701,Erziehung und Unterricht
2019-07-01,128.569466666667,Erziehung und Unterricht
2019-08-01,128.688733333333,Erziehung und Unterricht
2019-09-01,129.642866666667,Erziehung und Unterricht
2019-10-01,131.074066666667,Erziehung und Unterricht
2019-11-01,131.074066666667,Erziehung und Unterricht
2019-12-01,130.9548,Erziehung und Unterricht
2020-01-01,130.9548,Erziehung und Unterricht
2020-02-01,131.193333333333,Erziehung und Unterricht
2020-03-01,131.193333333333,Erziehung und Unterricht
2020-04-01,131.3126,Erziehung und Unterricht
2020-05-01,131.074066666667,Erziehung und Unterricht
2020-06-01,131.074066666667,Erziehung und Unterricht
2020-07-01,131.193333333333,Erziehung und Unterricht
2020-08-01,131.074066666667,Erziehung und Unterricht
2020-09-01,131.908933333333,Erziehung und Unterricht
2020-10-01,133.1016,Erziehung und Unterricht
2020-11-01,133.340133333333,Erziehung und Unterricht
2020-12-01,133.4594,Erziehung und Unterricht
2021-01-01,133.452591861111,Erziehung und Unterricht
2021-02-01,133.452591861111,Erziehung und Unterricht
2021-03-01,133.716071805555,Erziehung und Unterricht
2021-04-01,133.716071805555,Erziehung und Unterricht
2021-05-01,133.847811777778,Erziehung und Unterricht
2021-06-01,133.847811777778,Erziehung und Unterricht
2021-07-01,133.97955175,Erziehung und Unterricht
2021-08-01,133.847811777778,Erziehung und Unterricht
2021-09-01,134.638251611111,Erziehung und Unterricht
2021-10-01,135.296951472222,Erziehung und Unterricht
2021-11-01,135.428691444444,Erziehung und Unterricht
2021-12-01,135.692171388889,Erziehung und Unterricht
2022-01-01,135.955651333333,Erziehung und Unterricht
2022-02-01,136.087391305555,Erziehung und Unterricht
2022-03-01,136.219131277778,Erziehung und Unterricht
2022-04-01,136.614351194444,Erziehung und Unterricht
2022-05-01,136.614351194444,Erziehung und Unterricht
2022-06-01,136.746091166667,Erziehung und Unterricht
2022-07-01,137.141311083333,Erziehung und Unterricht
2022-08-01,137.141311083333,Erziehung und Unterricht
2022-09-01,139.776110527778,Erziehung und Unterricht
2022-10-01,140.566550361111,Erziehung und Unterricht
2022-11-01,140.830030305555,Erziehung und Unterricht
2022-12-01,140.830030305555,Erziehung und Unterricht
2023-01-01,141.225250222222,Erziehung und Unterricht
2023-02-01,142.410909972222,Erziehung und Unterricht
2023-03-01,142.674389916667,Erziehung und Unterricht
2023-04-01,144.255269583333,Erziehung und Unterricht
2023-05-01,144.255269583333,Erziehung und Unterricht
2023-06-01,144.255269583333,Erziehung und Unterricht
2023-07-01,144.913969444444,Erziehung und Unterricht
2011-01-01,98.5,Freizeit und Kultur
2011-02-01,99.7,Freizeit und Kultur
2011-03-01,101,Freizeit und Kultur
2011-04-01,101.3,Freizeit und Kultur
2011-05-01,102,Freizeit und Kultur
2011-06-01,103.5,Freizeit und Kultur
2011-07-01,105.6,Freizeit und Kultur
2011-08-01,105.1,Freizeit und Kultur
2011-09-01,102.4,Freizeit und Kultur
2011-10-01,101.7,Freizeit und Kultur
2011-11-01,100.5,Freizeit und Kultur
2011-12-01,102.2,Freizeit und Kultur
2012-01-01,100.1,Freizeit und Kultur
2012-02-01,101.2,Freizeit und Kultur
2012-03-01,101.9,Freizeit und Kultur
2012-04-01,101.4,Freizeit und Kultur
2012-05-01,102.3,Freizeit und Kultur
2012-06-01,104.2,Freizeit und Kultur
2012-07-01,105.4,Freizeit und Kultur
2012-08-01,104.8,Freizeit und Kultur
2012-09-01,103.7,Freizeit und Kultur
2012-10-01,103.6,Freizeit und Kultur
2012-11-01,103.5,Freizeit und Kultur
2012-12-01,104.2,Freizeit und Kultur
2013-01-01,103.2,Freizeit und Kultur
2013-02-01,103.8,Freizeit und Kultur
2013-03-01,104.5,Freizeit und Kultur
2013-04-01,103.4,Freizeit und Kultur
2013-05-01,104.2,Freizeit und Kultur
2013-06-01,105.5,Freizeit und Kultur
2013-07-01,106.6,Freizeit und Kultur
2013-08-01,106.3,Freizeit und Kultur
2013-09-01,105,Freizeit und Kultur
2013-10-01,104.4,Freizeit und Kultur
2013-11-01,105.1,Freizeit und Kultur
2013-12-01,106.2,Freizeit und Kultur
2014-01-01,104.2,Freizeit und Kultur
2014-02-01,104.7,Freizeit und Kultur
2014-03-01,105,Freizeit und Kultur
2014-04-01,105.2,Freizeit und Kultur
2014-05-01,105.9,Freizeit und Kultur
2014-06-01,107.5,Freizeit und Kultur
2014-07-01,108.9,Freizeit und Kultur
2014-08-01,108.1,Freizeit und Kultur
2014-09-01,106.9,Freizeit und Kultur
2014-10-01,105.5,Freizeit und Kultur
2014-11-01,107.3,Freizeit und Kultur
2014-12-01,107.8,Freizeit und Kultur
2015-01-01,106.6,Freizeit und Kultur
2015-02-01,107.7,Freizeit und Kultur
2015-03-01,107.5,Freizeit und Kultur
2015-04-01,106.4,Freizeit und Kultur
2015-05-01,107.3,Freizeit und Kultur
2015-06-01,108.9,Freizeit und Kultur
2015-07-01,110.8,Freizeit und Kultur
2015-08-01,110.1,Freizeit und Kultur
2015-09-01,108.2,Freizeit und Kultur
2015-10-01,107.6,Freizeit und Kultur
2015-11-01,107.9,Freizeit und Kultur
2015-12-01,110,Freizeit und Kultur
2016-01-01,108.8995,Freizeit und Kultur
2016-02-01,109.44075,Freizeit und Kultur
2016-03-01,109.7655,Freizeit und Kultur
2016-04-01,107.6005,Freizeit und Kultur
2016-05-01,108.79125,Freizeit und Kultur
2016-06-01,110.30675,Freizeit und Kultur
2016-07-01,111.4975,Freizeit und Kultur
2016-08-01,111.0645,Freizeit und Kultur
2016-09-01,109.44075,Freizeit und Kultur
2016-10-01,108.683,Freizeit und Kultur
2016-11-01,109.22425,Freizeit und Kultur
2016-12-01,110.848,Freizeit und Kultur
2017-01-01,110.09025,Freizeit und Kultur
2017-02-01,111.60575,Freizeit und Kultur
2017-03-01,111.714,Freizeit und Kultur
2017-04-01,110.1985,Freizeit und Kultur
2017-05-01,110.52325,Freizeit und Kultur
2017-06-01,112.68825,Freizeit und Kultur
2017-07-01,115.28625,Freizeit und Kultur
2017-08-01,114.745,Freizeit und Kultur
2017-09-01,113.12125,Freizeit und Kultur
2017-10-01,112.25525,Freizeit und Kultur
2017-11-01,111.60575,Freizeit und Kultur
2017-12-01,113.33775,Freizeit und Kultur
2018-01-01,110.848,Freizeit und Kultur
2018-02-01,112.147,Freizeit und Kultur
2018-03-01,112.147,Freizeit und Kultur
2018-04-01,110.848,Freizeit und Kultur
2018-05-01,111.17275,Freizeit und Kultur
2018-06-01,112.7965,Freizeit und Kultur
2018-07-01,114.9615,Freizeit und Kultur
2018-08-01,115.28625,Freizeit und Kultur
2018-09-01,113.33775,Freizeit und Kultur
2018-10-01,112.03875,Freizeit und Kultur
2018-11-01,113.6625,Freizeit und Kultur
2018-12-01,114.85325,Freizeit und Kultur
2019-01-01,113.013,Freizeit und Kultur
2019-02-01,113.77075,Freizeit und Kultur
2019-03-01,113.98725,Freizeit und Kultur
2019-04-01,112.03875,Freizeit und Kultur
2019-05-01,112.3635,Freizeit und Kultur
2019-06-01,114.63675,Freizeit und Kultur
2019-07-01,116.477,Freizeit und Kultur
2019-08-01,116.044,Freizeit und Kultur
2019-09-01,113.879,Freizeit und Kultur
2019-10-01,113.6625,Freizeit und Kultur
2019-11-01,115.06975,Freizeit und Kultur
2019-12-01,117.66775,Freizeit und Kultur
2020-01-01,115.178,Freizeit und Kultur
2020-02-01,116.80175,Freizeit und Kultur
2020-03-01,115.93575,Freizeit und Kultur
2020-04-01,114.42025,Freizeit und Kultur
2020-05-01,114.0955,Freizeit und Kultur
2020-06-01,116.80175,Freizeit und Kultur
2020-07-01,118.53375,Freizeit und Kultur
2020-08-01,117.9925,Freizeit und Kultur
2020-09-01,115.71925,Freizeit und Kultur
2020-10-01,115.06975,Freizeit und Kultur
2020-11-01,116.6935,Freizeit und Kultur
2020-12-01,119.508,Freizeit und Kultur
2021-01-01,117.094187375,Freizeit und Kultur
2021-02-01,118.490937125,Freizeit und Kultur
2021-03-01,118.3745413125,Freizeit und Kultur
2021-04-01,116.2794166875,Freizeit und Kultur
2021-05-01,116.628604125,Freizeit und Kultur
2021-06-01,119.5384994375,Freizeit und Kultur
2021-07-01,121.051645,Freizeit und Kultur
2021-08-01,120.353270125,Freizeit und Kultur
2021-09-01,118.72372875,Freizeit und Kultur
2021-10-01,118.490937125,Freizeit und Kultur
2021-11-01,121.4008324375,Freizeit und Kultur
2021-12-01,124.31072775,Freizeit und Kultur
2022-01-01,121.6336240625,Freizeit und Kultur
2022-02-01,123.612352875,Freizeit und Kultur
2022-03-01,124.6599151875,Freizeit und Kultur
2022-04-01,119.887686875,Freizeit und Kultur
2022-05-01,120.818853375,Freizeit und Kultur
2022-06-01,123.146769625,Freizeit und Kultur
2022-07-01,126.17306075,Freizeit und Kultur
2022-08-01,125.5910816875,Freizeit und Kultur
2022-09-01,123.0303738125,Freizeit und Kultur
2022-10-01,122.3319989375,Freizeit und Kultur
2022-11-01,124.8927068125,Freizeit und Kultur
2022-12-01,128.96656025,Freizeit und Kultur
2023-01-01,127.2206230625,Freizeit und Kultur
2023-02-01,129.3157476875,Freizeit und Kultur
2023-03-01,130.4797058125,Freizeit und Kultur
2023-04-01,130.82889325,Freizeit und Kultur
2023-05-01,131.061684875,Freizeit und Kultur
2023-06-01,132.924017875,Freizeit und Kultur
2023-07-01,136.7650796875,Freizeit und Kultur
2011-01-01,101,Gesundheitspflege
2011-02-01,101.8,Gesundheitspflege
2011-03-01,102.1,Gesundheitspflege
2011-04-01,102.3,Gesundheitspflege
2011-05-01,102.2,Gesundheitspflege
2011-06-01,102.1,Gesundheitspflege
2011-07-01,102.1,Gesundheitspflege
2011-08-01,102,Gesundheitspflege
2011-09-01,102.1,Gesundheitspflege
2011-10-01,102.2,Gesundheitspflege
2011-11-01,102,Gesundheitspflege
2011-12-01,101.9,Gesundheitspflege
2012-01-01,102.9,Gesundheitspflege
2012-02-01,103,Gesundheitspflege
2012-03-01,103.2,Gesundheitspflege
2012-04-01,103.4,Gesundheitspflege
2012-05-01,103.4,Gesundheitspflege
2012-06-01,103.3,Gesundheitspflege
2012-07-01,102.9,Gesundheitspflege
2012-08-01,103.4,Gesundheitspflege
2012-09-01,103.6,Gesundheitspflege
2012-10-01,104.2,Gesundheitspflege
2012-11-01,104.5,Gesundheitspflege
2012-12-01,104.7,Gesundheitspflege
2013-01-01,105.8,Gesundheitspflege
2013-02-01,106.3,Gesundheitspflege
2013-03-01,106.4,Gesundheitspflege
2013-04-01,106.5,Gesundheitspflege
2013-05-01,106.5,Gesundheitspflege
2013-06-01,106.5,Gesundheitspflege
2013-07-01,107,Gesundheitspflege
2013-08-01,106.9,Gesundheitspflege
2013-09-01,106.8,Gesundheitspflege
2013-10-01,107.2,Gesundheitspflege
2013-11-01,107.1,Gesundheitspflege
2013-12-01,107.1,Gesundheitspflege
2014-01-01,108.1,Gesundheitspflege
2014-02-01,108.4,Gesundheitspflege
2014-03-01,108.4,Gesundheitspflege
2014-04-01,108.9,Gesundheitspflege
2014-05-01,109.1,Gesundheitspflege
2014-06-01,109.2,Gesundheitspflege
2014-07-01,109.7,Gesundheitspflege
2014-08-01,109.8,Gesundheitspflege
2014-09-01,109.6,Gesundheitspflege
2014-10-01,109.5,Gesundheitspflege
2014-11-01,109.5,Gesundheitspflege
2014-12-01,109.4,Gesundheitspflege
2015-01-01,109.8,Gesundheitspflege
2015-02-01,110.2,Gesundheitspflege
2015-03-01,110.4,Gesundheitspflege
2015-04-01,110.7,Gesundheitspflege
2015-05-01,110.7,Gesundheitspflege
2015-06-01,110.6,Gesundheitspflege
2015-07-01,111.4,Gesundheitspflege
2015-08-01,111.3,Gesundheitspflege
2015-09-01,111,Gesundheitspflege
2015-10-01,111.3,Gesundheitspflege
2015-11-01,111.1,Gesundheitspflege
2015-12-01,111.3,Gesundheitspflege
2016-01-01,112.478916666667,Gesundheitspflege
2016-02-01,113.36545,Gesundheitspflege
2016-03-01,113.14381666666701,Gesundheitspflege
2016-04-01,113.6979,Gesundheitspflege
2016-05-01,113.6979,Gesundheitspflege
2016-06-01,113.6979,Gesundheitspflege
2016-07-01,113.587083333333,Gesundheitspflege
2016-08-01,113.476266666667,Gesundheitspflege
2016-09-01,113.36545,Gesundheitspflege
2016-10-01,113.14381666666701,Gesundheitspflege
2016-11-01,112.811366666667,Gesundheitspflege
2016-12-01,113.033,Gesundheitspflege
2017-01-01,113.6979,Gesundheitspflege
2017-02-01,114.03035,Gesundheitspflege
2017-03-01,114.03035,Gesundheitspflege
2017-04-01,115.36015,Gesundheitspflege
2017-05-01,115.36015,Gesundheitspflege
2017-06-01,115.36015,Gesundheitspflege
2017-07-01,114.584433333333,Gesundheitspflege
2017-08-01,114.473616666667,Gesundheitspflege
2017-09-01,114.473616666667,Gesundheitspflege
2017-10-01,115.249333333333,Gesundheitspflege
2017-11-01,115.470966666667,Gesundheitspflege
2017-12-01,115.6926,Gesundheitspflege
2018-01-01,116.911583333333,Gesundheitspflege
2018-02-01,116.68995,Gesundheitspflege
2018-03-01,116.468316666667,Gesundheitspflege
2018-04-01,116.911583333333,Gesundheitspflege
2018-05-01,117.0224,Gesundheitspflege
2018-06-01,117.465666666667,Gesundheitspflege
2018-07-01,118.01975,Gesundheitspflege
2018-08-01,117.6873,Gesundheitspflege
2018-09-01,117.576483333333,Gesundheitspflege
2018-10-01,117.6873,Gesundheitspflege
2018-11-01,117.6873,Gesundheitspflege
2018-12-01,117.6873,Gesundheitspflege
2019-01-01,118.463016666667,Gesundheitspflege
2019-02-01,118.573833333333,Gesundheitspflege
2019-03-01,118.906283333333,Gesundheitspflege
2019-04-01,118.241383333333,Gesundheitspflege
2019-05-01,118.463016666667,Gesundheitspflege
2019-06-01,119.238733333333,Gesundheitspflege
2019-07-01,118.573833333333,Gesundheitspflege
2019-08-01,118.573833333333,Gesundheitspflege
2019-09-01,118.573833333333,Gesundheitspflege
2019-10-01,118.463016666667,Gesundheitspflege
2019-11-01,118.795466666667,Gesundheitspflege
2019-12-01,118.906283333333,Gesundheitspflege
2020-01-01,120.125266666667,Gesundheitspflege
2020-02-01,120.568533333333,Gesundheitspflege
2020-03-01,120.900983333333,Gesundheitspflege
2020-04-01,121.0118,Gesundheitspflege
2020-05-01,120.790166666667,Gesundheitspflege
2020-06-01,120.900983333333,Gesundheitspflege
2020-07-01,121.233433333333,Gesundheitspflege
2020-08-01,121.455066666667,Gesundheitspflege
2020-09-01,120.900983333333,Gesundheitspflege
2020-10-01,121.565883333333,Gesundheitspflege
2020-11-01,121.6767,Gesundheitspflege
2020-12-01,121.34425,Gesundheitspflege
2021-01-01,121.6447016875,Gesundheitspflege
2021-02-01,122.249899208333,Gesundheitspflege
2021-03-01,122.3709387125,Gesundheitspflege
2021-04-01,122.734057225,Gesundheitspflege
2021-05-01,122.734057225,Gesundheitspflege
2021-06-01,122.734057225,Gesundheitspflege
2021-07-01,122.855096729167,Gesundheitspflege
2021-08-01,122.976136233333,Gesundheitspflege
2021-09-01,123.702373258333,Gesundheitspflege
2021-10-01,124.065491770833,Gesundheitspflege
2021-11-01,124.186531275,Gesundheitspflege
2021-12-01,124.307570779167,Gesundheitspflege
2022-01-01,124.670689291667,Gesundheitspflege
2022-02-01,125.396926316667,Gesundheitspflege
2022-03-01,126.0021238375,Gesundheitspflege
2022-04-01,124.9127683,Gesundheitspflege
2022-05-01,125.760044829167,Gesundheitspflege
2022-06-01,125.760044829167,Gesundheitspflege
2022-07-01,126.123163341667,Gesundheitspflege
2022-08-01,126.0021238375,Gesundheitspflege
2022-09-01,126.607321358333,Gesundheitspflege
2022-10-01,128.543953425,Gesundheitspflege
2022-11-01,128.664992929167,Gesundheitspflege
2022-12-01,128.786032433333,Gesundheitspflege
2023-01-01,130.843704004167,Gesundheitspflege
2023-02-01,131.8120200375,Gesundheitspflege
2023-03-01,132.417217558333,Gesundheitspflege
2023-04-01,132.417217558333,Gesundheitspflege
2023-05-01,132.296178054167,Gesundheitspflege
2023-06-01,132.417217558333,Gesundheitspflege
2023-07-01,132.417217558333,Gesundheitspflege
2011-01-01,100.2,Hausrat und laufende Instandhaltung des Hauses
2011-02-01,100.8,Hausrat und laufende Instandhaltung des Hauses
2011-03-01,100.9,Hausrat und laufende Instandhaltung des Hauses
2011-04-01,101.5,Hausrat und laufende Instandhaltung des Hauses
2011-05-01,101.4,Hausrat und laufende Instandhaltung des Hauses
2011-06-01,101.7,Hausrat und laufende Instandhaltung des Hauses
2011-07-01,101.9,Hausrat und laufende Instandhaltung des Hauses
2011-08-01,101.7,Hausrat und laufende Instandhaltung des Hauses
2011-09-01,102,Hausrat und laufende Instandhaltung des Hauses
2011-10-01,102.2,Hausrat und laufende Instandhaltung des Hauses
2011-11-01,102.4,Hausrat und laufende Instandhaltung des Hauses
2011-12-01,102.5,Hausrat und laufende Instandhaltung des Hauses
2012-01-01,102.3,Hausrat und laufende Instandhaltung des Hauses
2012-02-01,102.6,Hausrat und laufende Instandhaltung des Hauses
2012-03-01,102.8,Hausrat und laufende Instandhaltung des Hauses
2012-04-01,104,Hausrat und laufende Instandhaltung des Hauses
2012-05-01,104.3,Hausrat und laufende Instandhaltung des Hauses
2012-06-01,104.3,Hausrat und laufende Instandhaltung des Hauses
2012-07-01,104.2,Hausrat und laufende Instandhaltung des Hauses
2012-08-01,104.2,Hausrat und laufende Instandhaltung des Hauses
2012-09-01,104.4,Hausrat und laufende Instandhaltung des Hauses
2012-10-01,104.8,Hausrat und laufende Instandhaltung des Hauses
2012-11-01,105,Hausrat und laufende Instandhaltung des Hauses
2012-12-01,104.9,Hausrat und laufende Instandhaltung des Hauses
2013-01-01,104.3,Hausrat und laufende Instandhaltung des Hauses
2013-02-01,104.7,Hausrat und laufende Instandhaltung des Hauses
2013-03-01,105.6,Hausrat und laufende Instandhaltung des Hauses
2013-04-01,106.3,Hausrat und laufende Instandhaltung des Hauses
2013-05-01,106.7,Hausrat und laufende Instandhaltung des Hauses
2013-06-01,106.5,Hausrat und laufende Instandhaltung des Hauses
2013-07-01,105.9,Hausrat und laufende Instandhaltung des Hauses
2013-08-01,105.7,Hausrat und laufende Instandhaltung des Hauses
2013-09-01,106.3,Hausrat und laufende Instandhaltung des Hauses
2013-10-01,106.3,Hausrat und laufende Instandhaltung des Hauses
2013-11-01,106.5,Hausrat und laufende Instandhaltung des Hauses
2013-12-01,106.5,Hausrat und laufende Instandhaltung des Hauses
2014-01-01,105.9,Hausrat und laufende Instandhaltung des Hauses
2014-02-01,106.6,Hausrat und laufende Instandhaltung des Hauses
2014-03-01,107.1,Hausrat und laufende Instandhaltung des Hauses
2014-04-01,107.2,Hausrat und laufende Instandhaltung des Hauses
2014-05-01,107.3,Hausrat und laufende Instandhaltung des Hauses
2014-06-01,107.4,Hausrat und laufende Instandhaltung des Hauses
2014-07-01,106.9,Hausrat und laufende Instandhaltung des Hauses
2014-08-01,106.1,Hausrat und laufende Instandhaltung des Hauses
2014-09-01,106.5,Hausrat und laufende Instandhaltung des Hauses
2014-10-01,106.9,Hausrat und laufende Instandhaltung des Hauses
2014-11-01,107.3,Hausrat und laufende Instandhaltung des Hauses
2014-12-01,107.2,Hausrat und laufende Instandhaltung des Hauses
2015-01-01,107,Hausrat und laufende Instandhaltung des Hauses
2015-02-01,106.8,Hausrat und laufende Instandhaltung des Hauses
2015-03-01,108.2,Hausrat und laufende Instandhaltung des Hauses
2015-04-01,108.3,Hausrat und laufende Instandhaltung des Hauses
2015-05-01,108.6,Hausrat und laufende Instandhaltung des Hauses
2015-06-01,108.4,Hausrat und laufende Instandhaltung des Hauses
2015-07-01,108.5,Hausrat und laufende Instandhaltung des Hauses
2015-08-01,108.3,Hausrat und laufende Instandhaltung des Hauses
2015-09-01,108.8,Hausrat und laufende Instandhaltung des Hauses
2015-10-01,108.6,Hausrat und laufende Instandhaltung des Hauses
2015-11-01,108.9,Hausrat und laufende Instandhaltung des Hauses
2015-12-01,109,Hausrat und laufende Instandhaltung des Hauses
2016-01-01,108.933033333333,Hausrat und laufende Instandhaltung des Hauses
2016-02-01,109.257883333333,Hausrat und laufende Instandhaltung des Hauses
2016-03-01,109.257883333333,Hausrat und laufende Instandhaltung des Hauses
2016-04-01,109.7993,Hausrat und laufende Instandhaltung des Hauses
2016-05-01,109.7993,Hausrat und laufende Instandhaltung des Hauses
2016-06-01,110.015866666667,Hausrat und laufende Instandhaltung des Hauses
2016-07-01,109.47445,Hausrat und laufende Instandhaltung des Hauses
2016-08-01,109.582733333333,Hausrat und laufende Instandhaltung des Hauses
2016-09-01,109.907583333333,Hausrat und laufende Instandhaltung des Hauses
2016-10-01,110.340716666667,Hausrat und laufende Instandhaltung des Hauses
2016-11-01,110.449,Hausrat und laufende Instandhaltung des Hauses
2016-12-01,110.232433333333,Hausrat und laufende Instandhaltung des Hauses
2017-01-01,109.907583333333,Hausrat und laufende Instandhaltung des Hauses
2017-02-01,109.366166666667,Hausrat und laufende Instandhaltung des Hauses
2017-03-01,110.449,Hausrat und laufende Instandhaltung des Hauses
2017-04-01,110.449,Hausrat und laufende Instandhaltung des Hauses
2017-05-01,110.77385,Hausrat und laufende Instandhaltung des Hauses
2017-06-01,110.015866666667,Hausrat und laufende Instandhaltung des Hauses
2017-07-01,109.907583333333,Hausrat und laufende Instandhaltung des Hauses
2017-08-01,109.691016666667,Hausrat und laufende Instandhaltung des Hauses
2017-09-01,110.77385,Hausrat und laufende Instandhaltung des Hauses
2017-10-01,111.42355,Hausrat und laufende Instandhaltung des Hauses
2017-11-01,111.315266666667,Hausrat und laufende Instandhaltung des Hauses
2017-12-01,111.856683333333,Hausrat und laufende Instandhaltung des Hauses
2018-01-01,111.315266666667,Hausrat und laufende Instandhaltung des Hauses
2018-02-01,111.856683333333,Hausrat und laufende Instandhaltung des Hauses
2018-03-01,113.264366666667,Hausrat und laufende Instandhaltung des Hauses
2018-04-01,113.480933333333,Hausrat und laufende Instandhaltung des Hauses
2018-05-01,113.589216666667,Hausrat und laufende Instandhaltung des Hauses
2018-06-01,112.831233333333,Hausrat und laufende Instandhaltung des Hauses
2018-07-01,112.3981,Hausrat und laufende Instandhaltung des Hauses
2018-08-01,112.72295,Hausrat und laufende Instandhaltung des Hauses
2018-09-01,113.264366666667,Hausrat und laufende Instandhaltung des Hauses
2018-10-01,113.37265,Hausrat und laufende Instandhaltung des Hauses
2018-11-01,113.480933333333,Hausrat und laufende Instandhaltung des Hauses
2018-12-01,113.480933333333,Hausrat und laufende Instandhaltung des Hauses
2019-01-01,113.37265,Hausrat und laufende Instandhaltung des Hauses
2019-02-01,113.37265,Hausrat und laufende Instandhaltung des Hauses
2019-03-01,113.805783333333,Hausrat und laufende Instandhaltung des Hauses
2019-04-01,114.563766666667,Hausrat und laufende Instandhaltung des Hauses
2019-05-01,114.455483333333,Hausrat und laufende Instandhaltung des Hauses
2019-06-01,114.130633333333,Hausrat und laufende Instandhaltung des Hauses
2019-07-01,113.37265,Hausrat und laufende Instandhaltung des Hauses
2019-08-01,113.805783333333,Hausrat und laufende Instandhaltung des Hauses
2019-09-01,114.02235,Hausrat und laufende Instandhaltung des Hauses
2019-10-01,114.67205,Hausrat und laufende Instandhaltung des Hauses
2019-11-01,114.888616666667,Hausrat und laufende Instandhaltung des Hauses
2019-12-01,115.105183333333,Hausrat und laufende Instandhaltung des Hauses
2020-01-01,114.67205,Hausrat und laufende Instandhaltung des Hauses
2020-02-01,115.213466666667,Hausrat und laufende Instandhaltung des Hauses
2020-03-01,115.97145,Hausrat und laufende Instandhaltung des Hauses
2020-04-01,115.538316666667,Hausrat und laufende Instandhaltung des Hauses
2020-05-01,114.130633333333,Hausrat und laufende Instandhaltung des Hauses
2020-06-01,114.3472,Hausrat und laufende Instandhaltung des Hauses
2020-07-01,114.9969,Hausrat und laufende Instandhaltung des Hauses
2020-08-01,114.9969,Hausrat und laufende Instandhaltung des Hauses
2020-09-01,115.430033333333,Hausrat und laufende Instandhaltung des Hauses
2020-10-01,115.6466,Hausrat und laufende Instandhaltung des Hauses
2020-11-01,115.430033333333,Hausrat und laufende Instandhaltung des Hauses
2020-12-01,115.213466666667,Hausrat und laufende Instandhaltung des Hauses
2021-01-01,115.132254166667,Hausrat und laufende Instandhaltung des Hauses
2021-02-01,114.67172515,Hausrat und laufende Instandhaltung des Hauses
2021-03-01,116.513841216667,Hausrat und laufende Instandhaltung des Hauses
2021-04-01,117.0895024875,Hausrat und laufende Instandhaltung des Hauses
2021-05-01,117.43489925,Hausrat und laufende Instandhaltung des Hauses
2021-06-01,118.010560520833,Hausrat und laufende Instandhaltung des Hauses
2021-07-01,117.550031504167,Hausrat und laufende Instandhaltung des Hauses
2021-08-01,117.550031504167,Hausrat und laufende Instandhaltung des Hauses
2021-09-01,118.240825029167,Hausrat und laufende Instandhaltung des Hauses
2021-10-01,117.895428266667,Hausrat und laufende Instandhaltung des Hauses
2021-11-01,118.4710895375,Hausrat und laufende Instandhaltung des Hauses
2021-12-01,117.550031504167,Hausrat und laufende Instandhaltung des Hauses
2022-01-01,118.240825029167,Hausrat und laufende Instandhaltung des Hauses
2022-02-01,120.5434701125,Hausrat und laufende Instandhaltung des Hauses
2022-03-01,122.270453925,Hausrat und laufende Instandhaltung des Hauses
2022-04-01,123.191511958333,Hausrat und laufende Instandhaltung des Hauses
2022-05-01,125.263892533333,Hausrat und laufende Instandhaltung des Hauses
2022-06-01,126.184950566667,Hausrat und laufende Instandhaltung des Hauses
2022-07-01,126.7606118375,Hausrat und laufende Instandhaltung des Hauses
2022-08-01,127.681669870833,Hausrat und laufende Instandhaltung des Hauses
2022-09-01,128.48759565,Hausrat und laufende Instandhaltung des Hauses
2022-10-01,131.826431020833,Hausrat und laufende Instandhaltung des Hauses
2022-11-01,131.826431020833,Hausrat und laufende Instandhaltung des Hauses
2022-12-01,131.25076975,Hausrat und laufende Instandhaltung des Hauses
2023-01-01,132.6323568,Hausrat und laufende Instandhaltung des Hauses
2023-02-01,133.898811595833,Hausrat und laufende Instandhaltung des Hauses
2023-03-01,134.244208358333,Hausrat und laufende Instandhaltung des Hauses
2023-04-01,135.510663154167,Hausrat und laufende Instandhaltung des Hauses
2023-05-01,135.856059916667,Hausrat und laufende Instandhaltung des Hauses
2023-06-01,135.7409276625,Hausrat und laufende Instandhaltung des Hauses
2023-07-01,135.280398645833,Hausrat und laufende Instandhaltung des Hauses
2011-01-01,100.6,Nachrichtenübermittlung
2011-02-01,100.6,Nachrichtenübermittlung
2011-03-01,100.5,Nachrichtenübermittlung
2011-04-01,101.2,Nachrichtenübermittlung
2011-05-01,101.8,Nachrichtenübermittlung
2011-06-01,101.5,Nachrichtenübermittlung
2011-07-01,101,Nachrichtenübermittlung
2011-08-01,101.3,Nachrichtenübermittlung
2011-09-01,100.5,Nachrichtenübermittlung
2011-10-01,100.2,Nachrichtenübermittlung
2011-11-01,100.7,Nachrichtenübermittlung
2011-12-01,100.6,Nachrichtenübermittlung
2012-01-01,100.5,Nachrichtenübermittlung
2012-02-01,100.3,Nachrichtenübermittlung
2012-03-01,100.2,Nachrichtenübermittlung
2012-04-01,100.4,Nachrichtenübermittlung
2012-05-01,97.5,Nachrichtenübermittlung
2012-06-01,101.4,Nachrichtenübermittlung
2012-07-01,101.6,Nachrichtenübermittlung
2012-08-01,101.5,Nachrichtenübermittlung
2012-09-01,101.6,Nachrichtenübermittlung
2012-10-01,101.6,Nachrichtenübermittlung
2012-11-01,101.5,Nachrichtenübermittlung
2012-12-01,101.5,Nachrichtenübermittlung
2013-01-01,101.3,Nachrichtenübermittlung
2013-02-01,101.3,Nachrichtenübermittlung
2013-03-01,101.4,Nachrichtenübermittlung
2013-04-01,101.4,Nachrichtenübermittlung
2013-05-01,102.6,Nachrichtenübermittlung
2013-06-01,101.8,Nachrichtenübermittlung
2013-07-01,101.6,Nachrichtenübermittlung
2013-08-01,101.3,Nachrichtenübermittlung
2013-09-01,101.8,Nachrichtenübermittlung
2013-10-01,101.8,Nachrichtenübermittlung
2013-11-01,101.8,Nachrichtenübermittlung
2013-12-01,106.8,Nachrichtenübermittlung
2014-01-01,106.9,Nachrichtenübermittlung
2014-02-01,107.2,Nachrichtenübermittlung
2014-03-01,107.5,Nachrichtenübermittlung
2014-04-01,107.4,Nachrichtenübermittlung
2014-05-01,107.3,Nachrichtenübermittlung
2014-06-01,107.5,Nachrichtenübermittlung
2014-07-01,107.4,Nachrichtenübermittlung
2014-08-01,109,Nachrichtenübermittlung
2014-09-01,109.4,Nachrichtenübermittlung
2014-10-01,109.2,Nachrichtenübermittlung
2014-11-01,109.7,Nachrichtenübermittlung
2014-12-01,109.5,Nachrichtenübermittlung
2015-01-01,109.5,Nachrichtenübermittlung
2015-02-01,108.9,Nachrichtenübermittlung
2015-03-01,109.5,Nachrichtenübermittlung
2015-04-01,109.1,Nachrichtenübermittlung
2015-05-01,109.1,Nachrichtenübermittlung
2015-06-01,109.2,Nachrichtenübermittlung
2015-07-01,109.1,Nachrichtenübermittlung
2015-08-01,109.1,Nachrichtenübermittlung
2015-09-01,109.1,Nachrichtenübermittlung
2015-10-01,109.2,Nachrichtenübermittlung
2015-11-01,109,Nachrichtenübermittlung
2015-12-01,108.7,Nachrichtenübermittlung
2016-01-01,108.797625,Nachrichtenübermittlung
2016-02-01,108.579375,Nachrichtenübermittlung
2016-03-01,108.797625,Nachrichtenübermittlung
2016-04-01,108.6885,Nachrichtenübermittlung
2016-05-01,104.76,Nachrichtenübermittlung
2016-06-01,104.10525,Nachrichtenübermittlung
2016-07-01,104.214375,Nachrichtenübermittlung
2016-08-01,108.03375,Nachrichtenübermittlung
2016-09-01,107.924625,Nachrichtenübermittlung
2016-10-01,108.03375,Nachrichtenübermittlung
2016-11-01,107.924625,Nachrichtenübermittlung
2016-12-01,107.8155,Nachrichtenübermittlung
2017-01-01,107.16075,Nachrichtenübermittlung
2017-02-01,107.269875,Nachrichtenübermittlung
2017-03-01,106.9425,Nachrichtenübermittlung
2017-04-01,106.833375,Nachrichtenübermittlung
2017-05-01,106.615125,Nachrichtenübermittlung
2017-06-01,106.72425,Nachrichtenübermittlung
2017-07-01,105.1965,Nachrichtenübermittlung
2017-08-01,104.650875,Nachrichtenübermittlung
2017-09-01,104.97825,Nachrichtenübermittlung
2017-10-01,104.650875,Nachrichtenübermittlung
2017-11-01,104.650875,Nachrichtenübermittlung
2017-12-01,104.3235,Nachrichtenübermittlung
2018-01-01,103.996125,Nachrichtenübermittlung
2018-02-01,103.66875,Nachrichtenübermittlung
2018-03-01,103.23225,Nachrichtenübermittlung
2018-04-01,102.35925,Nachrichtenübermittlung
2018-05-01,102.141,Nachrichtenübermittlung
2018-06-01,102.031875,Nachrichtenübermittlung
2018-07-01,103.4505,Nachrichtenübermittlung
2018-08-01,103.123125,Nachrichtenübermittlung
2018-09-01,103.123125,Nachrichtenübermittlung
2018-10-01,102.468375,Nachrichtenübermittlung
2018-11-01,102.141,Nachrichtenübermittlung
2018-12-01,102.468375,Nachrichtenübermittlung
2019-01-01,101.7045,Nachrichtenübermittlung
2019-02-01,101.377125,Nachrichtenübermittlung
2019-03-01,101.158875,Nachrichtenübermittlung
2019-04-01,100.61325,Nachrichtenübermittlung
2019-05-01,100.722375,Nachrichtenübermittlung
2019-06-01,98.758125,Nachrichtenübermittlung
2019-07-01,98.758125,Nachrichtenübermittlung
2019-08-01,98.86725,Nachrichtenübermittlung
2019-09-01,98.649,Nachrichtenübermittlung
2019-10-01,98.2125,Nachrichtenübermittlung
2019-11-01,98.43075,Nachrichtenübermittlung
2019-12-01,98.103375,Nachrichtenübermittlung
2020-01-01,97.012125,Nachrichtenübermittlung
2020-02-01,96.903,Nachrichtenübermittlung
2020-03-01,96.4665,Nachrichtenübermittlung
2020-04-01,96.357375,Nachrichtenübermittlung
2020-05-01,96.139125,Nachrichtenübermittlung
2020-06-01,96.24825,Nachrichtenübermittlung
2020-07-01,96.793875,Nachrichtenübermittlung
2020-08-01,97.012125,Nachrichtenübermittlung
2020-09-01,96.903,Nachrichtenübermittlung
2020-10-01,96.903,Nachrichtenübermittlung
2020-11-01,96.4665,Nachrichtenübermittlung
2020-12-01,96.4665,Nachrichtenübermittlung
2021-01-01,93.25690640625,Nachrichtenübermittlung
2021-02-01,93.25690640625,Nachrichtenübermittlung
2021-03-01,93.45018496875,Nachrichtenübermittlung
2021-04-01,93.83674209375,Nachrichtenübermittlung
2021-05-01,94.03002065625,Nachrichtenübermittlung
2021-06-01,93.933381375,Nachrichtenübermittlung
2021-07-01,94.03002065625,Nachrichtenübermittlung
2021-08-01,93.933381375,Nachrichtenübermittlung
2021-09-01,93.7401028125,Nachrichtenübermittlung
2021-10-01,94.41657778125,Nachrichtenübermittlung
2021-11-01,94.3199385,Nachrichtenübermittlung
2021-12-01,94.3199385,Nachrichtenübermittlung
2022-01-01,94.60985634375,Nachrichtenübermittlung
2022-02-01,94.60985634375,Nachrichtenübermittlung
2022-03-01,94.5132170625,Nachrichtenübermittlung
2022-04-01,94.41657778125,Nachrichtenübermittlung
2022-05-01,93.64346353125,Nachrichtenübermittlung
2022-06-01,93.45018496875,Nachrichtenübermittlung
2022-07-01,92.9669885625,Nachrichtenübermittlung
2022-08-01,92.5804314375,Nachrichtenübermittlung
2022-09-01,92.29051359375,Nachrichtenübermittlung
2022-10-01,92.5804314375,Nachrichtenübermittlung
2022-11-01,92.00059575,Nachrichtenübermittlung
2022-12-01,91.4207600625,Nachrichtenübermittlung
2023-01-01,90.2610886875,Nachrichtenübermittlung
2023-02-01,90.16444940625,Nachrichtenübermittlung
2023-03-01,89.58461371875,Nachrichtenübermittlung
2023-04-01,91.2274815,Nachrichtenübermittlung
2023-05-01,90.74428509375,Nachrichtenübermittlung
2023-06-01,89.97117084375,Nachrichtenübermittlung
2023-07-01,90.45436725,Nachrichtenübermittlung
2011-01-01,101.7,Restaurants und Hotels
2011-02-01,102.6,Restaurants und Hotels
2011-03-01,102.4,Restaurants und Hotels
2011-04-01,102.4,Restaurants und Hotels
2011-05-01,102.6,Restaurants und Hotels
2011-06-01,103.6,Restaurants und Hotels
2011-07-01,105.4,Restaurants und Hotels
2011-08-01,106.3,Restaurants und Hotels
2011-09-01,103.9,Restaurants und Hotels
2011-10-01,103.3,Restaurants und Hotels
2011-11-01,103.4,Restaurants und Hotels
2011-12-01,104.4,Restaurants und Hotels
2012-01-01,105.2,Restaurants und Hotels
2012-02-01,106,Restaurants und Hotels
2012-03-01,105.5,Restaurants und Hotels
2012-04-01,105.3,Restaurants und Hotels
2012-05-01,105.2,Restaurants und Hotels
2012-06-01,105.9,Restaurants und Hotels
2012-07-01,107.6,Restaurants und Hotels
2012-08-01,108,Restaurants und Hotels
2012-09-01,106.4,Restaurants und Hotels
2012-10-01,106,Restaurants und Hotels
2012-11-01,106.6,Restaurants und Hotels
2012-12-01,108.2,Restaurants und Hotels
2013-01-01,108.9,Restaurants und Hotels
2013-02-01,109.7,Restaurants und Hotels
2013-03-01,109.3,Restaurants und Hotels
2013-04-01,108.9,Restaurants und Hotels
2013-05-01,108.6,Restaurants und Hotels
2013-06-01,109.1,Restaurants und Hotels
2013-07-01,110.8,Restaurants und Hotels
2013-08-01,111.4,Restaurants und Hotels
2013-09-01,109.5,Restaurants und Hotels
2013-10-01,109.1,Restaurants und Hotels
2013-11-01,109.3,Restaurants und Hotels
2013-12-01,111.9,Restaurants und Hotels
2014-01-01,111.6,Restaurants und Hotels
2014-02-01,112.9,Restaurants und Hotels
2014-03-01,112.6,Restaurants und Hotels
2014-04-01,111.6,Restaurants und Hotels
2014-05-01,111.8,Restaurants und Hotels
2014-06-01,112.7,Restaurants und Hotels
2014-07-01,114.3,Restaurants und Hotels
2014-08-01,114.7,Restaurants und Hotels
2014-09-01,112.7,Restaurants und Hotels
2014-10-01,112.2,Restaurants und Hotels
2014-11-01,112.8,Restaurants und Hotels
2014-12-01,114.9,Restaurants und Hotels
2015-01-01,114.4,Restaurants und Hotels
2015-02-01,115.5,Restaurants und Hotels
2015-03-01,115.3,Restaurants und Hotels
2015-04-01,115,Restaurants und Hotels
2015-05-01,115.2,Restaurants und Hotels
2015-06-01,116,Restaurants und Hotels
2015-07-01,117.6,Restaurants und Hotels
2015-08-01,118.2,Restaurants und Hotels
2015-09-01,116.3,Restaurants und Hotels
2015-10-01,116,Restaurants und Hotels
2015-11-01,116.4,Restaurants und Hotels
2015-12-01,118.7,Restaurants und Hotels
2016-01-01,118.657216666667,Restaurants und Hotels
2016-02-01,119.9356,Restaurants und Hotels
2016-03-01,119.122083333333,Restaurants und Hotels
2016-04-01,118.773433333333,Restaurants und Hotels
2016-05-01,118.88965,Restaurants und Hotels
2016-06-01,119.9356,Restaurants und Hotels
2016-07-01,121.446416666667,Restaurants und Hotels
2016-08-01,121.67885,Restaurants und Hotels
2016-09-01,119.819383333333,Restaurants und Hotels
2016-10-01,119.703166666667,Restaurants und Hotels
2016-11-01,120.051816666667,Restaurants und Hotels
2016-12-01,122.259933333333,Restaurants und Hotels
2017-01-01,122.143716666667,Restaurants und Hotels
2017-02-01,123.189666666667,Restaurants und Hotels
2017-03-01,122.608583333333,Restaurants und Hotels
2017-04-01,122.492366666667,Restaurants und Hotels
2017-05-01,122.259933333333,Restaurants und Hotels
2017-06-01,123.4221,Restaurants und Hotels
2017-07-01,124.700483333333,Restaurants und Hotels
2017-08-01,125.049133333333,Restaurants und Hotels
2017-09-01,123.654533333333,Restaurants und Hotels
2017-10-01,123.189666666667,Restaurants und Hotels
2017-11-01,124.003183333333,Restaurants und Hotels
2017-12-01,125.746433333333,Restaurants und Hotels
2018-01-01,125.86265,Restaurants und Hotels
2018-02-01,126.9086,Restaurants und Hotels
2018-03-01,126.443733333333,Restaurants und Hotels
2018-04-01,126.443733333333,Restaurants und Hotels
2018-05-01,126.443733333333,Restaurants und Hotels
2018-06-01,127.024816666667,Restaurants und Hotels
2018-07-01,128.419416666667,Restaurants und Hotels
2018-08-01,128.884283333333,Restaurants und Hotels
2018-09-01,127.489683333333,Restaurants und Hotels
2018-10-01,127.25725,Restaurants und Hotels
2018-11-01,127.6059,Restaurants und Hotels
2018-12-01,129.232933333333,Restaurants und Hotels
2019-01-01,129.465366666667,Restaurants und Hotels
2019-02-01,130.3951,Restaurants und Hotels
2019-03-01,129.930233333333,Restaurants und Hotels
2019-04-01,129.930233333333,Restaurants und Hotels
2019-05-01,129.814016666667,Restaurants und Hotels
2019-06-01,130.976183333333,Restaurants und Hotels
2019-07-01,132.370783333333,Restaurants und Hotels
2019-08-01,132.719433333333,Restaurants und Hotels
2019-09-01,131.44105,Restaurants und Hotels
2019-10-01,131.0924,Restaurants und Hotels
2019-11-01,131.44105,Restaurants und Hotels
2019-12-01,133.64916666666701,Restaurants und Hotels
2020-01-01,133.416733333333,Restaurants und Hotels
2020-02-01,134.811333333333,Restaurants und Hotels
2020-03-01,134.114033333333,Restaurants und Hotels
2020-04-01,133.997816666667,Restaurants und Hotels
2020-05-01,132.951866666667,Restaurants und Hotels
2020-06-01,134.92755,Restaurants und Hotels
2020-07-01,136.787016666667,Restaurants und Hotels
2020-08-01,136.903233333333,Restaurants und Hotels
2020-09-01,135.857283333333,Restaurants und Hotels
2020-10-01,135.392416666667,Restaurants und Hotels
2020-11-01,135.741066666667,Restaurants und Hotels
2020-12-01,137.484316666667,Restaurants und Hotels
2021-01-01,136.685908166667,Restaurants und Hotels
2021-02-01,137.632299222222,Restaurants und Hotels
2021-03-01,137.767497944444,Restaurants und Hotels
2021-04-01,137.902696666667,Restaurants und Hotels
2021-05-01,138.037895388889,Restaurants und Hotels
2021-06-01,139.254683888889,Restaurants und Hotels
2021-07-01,141.282664722222,Restaurants und Hotels
2021-08-01,141.958658333333,Restaurants und Hotels
2021-09-01,140.336273666667,Restaurants und Hotels
2021-10-01,140.877068555556,Restaurants und Hotels
2021-11-01,141.553062166667,Restaurants und Hotels
2021-12-01,143.445844277778,Restaurants und Hotels
2022-01-01,145.338626388889,Restaurants und Hotels
2022-02-01,146.825812333333,Restaurants und Hotels
2022-03-01,146.961011055556,Restaurants und Hotels
2022-04-01,146.285017444444,Restaurants und Hotels
2022-05-01,148.177799555556,Restaurants und Hotels
2022-06-01,151.422568888889,Restaurants und Hotels
2022-07-01,154.396940777778,Restaurants und Hotels
2022-08-01,156.019325444444,Restaurants und Hotels
2022-09-01,155.208133111111,Restaurants und Hotels
2022-10-01,156.424921611111,Restaurants und Hotels
2022-11-01,157.641710111111,Restaurants und Hotels
2022-12-01,161.697671777778,Restaurants und Hotels
2023-01-01,163.184857722222,Restaurants und Hotels
2023-02-01,166.564825777778,Restaurants und Hotels
2023-03-01,166.429627055556,Restaurants und Hotels
2023-04-01,167.105620666667,Restaurants und Hotels
2023-05-01,168.322409166667,Restaurants und Hotels
2023-06-01,171.026383611111,Restaurants und Hotels
2023-07-01,173.324761888889,Restaurants und Hotels
2011-01-01,102.7,Nahrungsmittel und alkoholfreie Getränke
2011-02-01,103.5,Nahrungsmittel und alkoholfreie Getränke
2011-03-01,104.6,Nahrungsmittel und alkoholfreie Getränke
2011-04-01,105,Nahrungsmittel und alkoholfreie Getränke
2011-05-01,104.3,Nahrungsmittel und alkoholfreie Getränke
2011-06-01,103.9,Nahrungsmittel und alkoholfreie Getränke
2011-07-01,104,Nahrungsmittel und alkoholfreie Getränke
2011-08-01,103.7,Nahrungsmittel und alkoholfreie Getränke
2011-09-01,104.1,Nahrungsmittel und alkoholfreie Getränke
2011-10-01,104.7,Nahrungsmittel und alkoholfreie Getränke
2011-11-01,105.1,Nahrungsmittel und alkoholfreie Getränke
2011-12-01,105.1,Nahrungsmittel und alkoholfreie Getränke
2012-01-01,106.4,Nahrungsmittel und alkoholfreie Getränke
2012-02-01,107,Nahrungsmittel und alkoholfreie Getränke
2012-03-01,107.6,Nahrungsmittel und alkoholfreie Getränke
2012-04-01,106.8,Nahrungsmittel und alkoholfreie Getränke
2012-05-01,106.8,Nahrungsmittel und alkoholfreie Getränke
2012-06-01,107,Nahrungsmittel und alkoholfreie Getränke
2012-07-01,107.2,Nahrungsmittel und alkoholfreie Getränke
2012-08-01,107.5,Nahrungsmittel und alkoholfreie Getränke
2012-09-01,107.6,Nahrungsmittel und alkoholfreie Getränke
2012-10-01,108.1,Nahrungsmittel und alkoholfreie Getränke
2012-11-01,108.9,Nahrungsmittel und alkoholfreie Getränke
2012-12-01,110.1,Nahrungsmittel und alkoholfreie Getränke
2013-01-01,110.5,Nahrungsmittel und alkoholfreie Getränke
2013-02-01,110.5,Nahrungsmittel und alkoholfreie Getränke
2013-03-01,110.4,Nahrungsmittel und alkoholfreie Getränke
2013-04-01,111,Nahrungsmittel und alkoholfreie Getränke
2013-05-01,111.8,Nahrungsmittel und alkoholfreie Getränke
2013-06-01,111.7,Nahrungsmittel und alkoholfreie Getränke
2013-07-01,111.3,Nahrungsmittel und alkoholfreie Getränke
2013-08-01,111,Nahrungsmittel und alkoholfreie Getränke
2013-09-01,110.8,Nahrungsmittel und alkoholfreie Getränke
2013-10-01,111.8,Nahrungsmittel und alkoholfreie Getränke
2013-11-01,112,Nahrungsmittel und alkoholfreie Getränke
2013-12-01,112.9,Nahrungsmittel und alkoholfreie Getränke
2014-01-01,113.5,Nahrungsmittel und alkoholfreie Getränke
2014-02-01,113.5,Nahrungsmittel und alkoholfreie Getränke
2014-03-01,113.1,Nahrungsmittel und alkoholfreie Getränke
2014-04-01,113.3,Nahrungsmittel und alkoholfreie Getränke
2014-05-01,114,Nahrungsmittel und alkoholfreie Getränke
2014-06-01,113.6,Nahrungsmittel und alkoholfreie Getränke
2014-07-01,113.4,Nahrungsmittel und alkoholfreie Getränke
2014-08-01,113.1,Nahrungsmittel und alkoholfreie Getränke
2014-09-01,113.2,Nahrungsmittel und alkoholfreie Getränke
2014-10-01,113.5,Nahrungsmittel und alkoholfreie Getränke
2014-11-01,113.7,Nahrungsmittel und alkoholfreie Getränke
2014-12-01,114,Nahrungsmittel und alkoholfreie Getränke
2015-01-01,114.2,Nahrungsmittel und alkoholfreie Getränke
2015-02-01,114.2,Nahrungsmittel und alkoholfreie Getränke
2015-03-01,114.6,Nahrungsmittel und alkoholfreie Getränke
2015-04-01,114.8,Nahrungsmittel und alkoholfreie Getränke
2015-05-01,115.2,Nahrungsmittel und alkoholfreie Getränke
2015-06-01,114.7,Nahrungsmittel und alkoholfreie Getränke
2015-07-01,114.4,Nahrungsmittel und alkoholfreie Getränke
2015-08-01,114,Nahrungsmittel und alkoholfreie Getränke
2015-09-01,114.1,Nahrungsmittel und alkoholfreie Getränke
2015-10-01,114.1,Nahrungsmittel und alkoholfreie Getränke
2015-11-01,114.2,Nahrungsmittel und alkoholfreie Getränke
2015-12-01,114.5,Nahrungsmittel und alkoholfreie Getränke
2016-01-01,114.98875,Nahrungsmittel und alkoholfreie Getränke
2016-02-01,115.446416666667,Nahrungsmittel und alkoholfreie Getränke
2016-03-01,115.446416666667,Nahrungsmittel und alkoholfreie Getränke
2016-04-01,115.789666666667,Nahrungsmittel und alkoholfreie Getränke
2016-05-01,115.332,Nahrungsmittel und alkoholfreie Getränke
2016-06-01,114.874333333333,Nahrungsmittel und alkoholfreie Getränke
2016-07-01,114.98875,Nahrungsmittel und alkoholfreie Getränke
2016-08-01,114.98875,Nahrungsmittel und alkoholfreie Getränke
2016-09-01,114.6455,Nahrungsmittel und alkoholfreie Getränke
2016-10-01,115.332,Nahrungsmittel und alkoholfreie Getränke
2016-11-01,115.560833333333,Nahrungsmittel und alkoholfreie Getränke
2016-12-01,115.67525,Nahrungsmittel und alkoholfreie Getränke
2017-01-01,117.04825,Nahrungsmittel und alkoholfreie Getränke
2017-02-01,118.078,Nahrungsmittel und alkoholfreie Getränke
2017-03-01,117.277083333333,Nahrungsmittel und alkoholfreie Getränke
2017-04-01,117.04825,Nahrungsmittel und alkoholfreie Getränke
2017-05-01,117.73475,Nahrungsmittel und alkoholfreie Getränke
2017-06-01,117.505916666667,Nahrungsmittel und alkoholfreie Getränke
2017-07-01,117.505916666667,Nahrungsmittel und alkoholfreie Getränke
2017-08-01,117.849166666667,Nahrungsmittel und alkoholfreie Getränke
2017-09-01,118.192416666667,Nahrungsmittel und alkoholfreie Getränke
2017-10-01,118.993333333333,Nahrungsmittel und alkoholfreie Getränke
2017-11-01,119.222166666667,Nahrungsmittel und alkoholfreie Getränke
2017-12-01,119.336583333333,Nahrungsmittel und alkoholfreie Getränke
2018-01-01,119.336583333333,Nahrungsmittel und alkoholfreie Getränke
2018-02-01,119.451,Nahrungsmittel und alkoholfreie Getränke
2018-03-01,119.336583333333,Nahrungsmittel und alkoholfreie Getränke
2018-04-01,119.451,Nahrungsmittel und alkoholfreie Getränke
2018-05-01,120.023083333333,Nahrungsmittel und alkoholfreie Getränke
2018-06-01,119.908666666667,Nahrungsmittel und alkoholfreie Getränke
2018-07-01,119.908666666667,Nahrungsmittel und alkoholfreie Getränke
2018-08-01,119.336583333333,Nahrungsmittel und alkoholfreie Getränke
2018-09-01,119.679833333333,Nahrungsmittel und alkoholfreie Getränke
2018-10-01,120.366333333333,Nahrungsmittel und alkoholfreie Getränke
2018-11-01,120.251916666667,Nahrungsmittel und alkoholfreie Getränke
2018-12-01,120.251916666667,Nahrungsmittel und alkoholfreie Getränke
2019-01-01,120.709583333333,Nahrungsmittel und alkoholfreie Getränke
2019-02-01,120.709583333333,Nahrungsmittel und alkoholfreie Getränke
2019-03-01,121.16725,Nahrungsmittel und alkoholfreie Getränke
2019-04-01,120.938416666667,Nahrungsmittel und alkoholfreie Getränke
2019-05-01,121.16725,Nahrungsmittel und alkoholfreie Getränke
2019-06-01,120.938416666667,Nahrungsmittel und alkoholfreie Getränke
2019-07-01,121.281666666667,Nahrungsmittel und alkoholfreie Getränke
2019-08-01,121.16725,Nahrungsmittel und alkoholfreie Getränke
2019-09-01,120.595166666667,Nahrungsmittel und alkoholfreie Getränke
2019-10-01,121.16725,Nahrungsmittel und alkoholfreie Getränke
2019-11-01,120.824,Nahrungsmittel und alkoholfreie Getränke
2019-12-01,121.281666666667,Nahrungsmittel und alkoholfreie Getränke
2020-01-01,122.197,Nahrungsmittel und alkoholfreie Getränke
2020-02-01,122.8835,Nahrungsmittel und alkoholfreie Getränke
2020-03-01,123.341166666667,Nahrungsmittel und alkoholfreie Getränke
2020-04-01,124.027666666667,Nahrungsmittel und alkoholfreie Getränke
2020-05-01,122.769083333333,Nahrungsmittel und alkoholfreie Getränke
2020-06-01,124.370916666667,Nahrungsmittel und alkoholfreie Getränke
2020-07-01,124.485333333333,Nahrungsmittel und alkoholfreie Getränke
2020-08-01,124.142083333333,Nahrungsmittel und alkoholfreie Getränke
2020-09-01,124.142083333333,Nahrungsmittel und alkoholfreie Getränke
2020-10-01,124.485333333333,Nahrungsmittel und alkoholfreie Getränke
2020-11-01,124.142083333333,Nahrungsmittel und alkoholfreie Getränke
2020-12-01,124.828583333333,Nahrungsmittel und alkoholfreie Getränke
2021-01-01,120.846273111111,Nahrungsmittel und alkoholfreie Getränke
2021-02-01,124.932263902778,Nahrungsmittel und alkoholfreie Getränke
2021-03-01,124.932263902778,Nahrungsmittel und alkoholfreie Getränke
2021-04-01,124.313174388889,Nahrungsmittel und alkoholfreie Getränke
2021-05-01,124.932263902778,Nahrungsmittel und alkoholfreie Getränke
2021-06-01,124.436992291667,Nahrungsmittel und alkoholfreie Getränke
2021-07-01,124.560810194444,Nahrungsmittel und alkoholfreie Getränke
2021-08-01,124.808446,Nahrungsmittel und alkoholfreie Getränke
2021-09-01,124.932263902778,Nahrungsmittel und alkoholfreie Getränke
2021-10-01,125.798989222222,Nahrungsmittel und alkoholfreie Getränke
2021-11-01,126.170442930555,Nahrungsmittel und alkoholfreie Getränke
2021-12-01,126.913350347222,Nahrungsmittel und alkoholfreie Getränke
2022-01-01,126.789532444444,Nahrungsmittel und alkoholfreie Getränke
2022-02-01,130.256433722222,Nahrungsmittel und alkoholfreie Getränke
2022-03-01,132.237520166667,Nahrungsmittel und alkoholfreie Getränke
2022-04-01,134.713878222222,Nahrungsmittel und alkoholfreie Getränke
2022-05-01,136.199693055555,Nahrungsmittel und alkoholfreie Getränke
2022-06-01,138.552233208333,Nahrungsmittel und alkoholfreie Getränke
2022-07-01,139.790412236111,Nahrungsmittel und alkoholfreie Getränke
2022-08-01,141.152409166667,Nahrungsmittel und alkoholfreie Getränke
2022-09-01,142.266770291667,Nahrungsmittel und alkoholfreie Getränke
2022-10-01,143.876403027778,Nahrungsmittel und alkoholfreie Getränke
2022-11-01,145.362217861111,Nahrungsmittel und alkoholfreie Getränke
2022-12-01,147.343304305555,Nahrungsmittel und alkoholfreie Getränke
2023-01-01,148.333847527778,Nahrungsmittel und alkoholfreie Getränke
2023-02-01,151.305477194444,Nahrungsmittel und alkoholfreie Getränke
2023-03-01,151.429295097222,Nahrungsmittel und alkoholfreie Getränke
2023-04-01,152.543656222222,Nahrungsmittel und alkoholfreie Getränke
2023-05-01,152.915109930555,Nahrungsmittel und alkoholfreie Getränke
2023-06-01,153.905653152778,Nahrungsmittel und alkoholfreie Getränke
2023-07-01,154.524742666666,Nahrungsmittel und alkoholfreie Getränke
2011-01-01,103.3,Verkehr
2011-02-01,103.8,Verkehr
2011-03-01,105.3,Verkehr
2011-04-01,106.5,Verkehr
2011-05-01,106.1,Verkehr
2011-06-01,105.7,Verkehr
2011-07-01,105.8,Verkehr
2011-08-01,105.7,Verkehr
2011-09-01,106.2,Verkehr
2011-10-01,106,Verkehr
2011-11-01,106.3,Verkehr
2011-12-01,106.2,Verkehr
2012-01-01,106.7,Verkehr
2012-02-01,107.2,Verkehr
2012-03-01,108.4,Verkehr
2012-04-01,109.2,Verkehr
2012-05-01,108.4,Verkehr
2012-06-01,107.4,Verkehr
2012-07-01,107.6,Verkehr
2012-08-01,109,Verkehr
2012-09-01,109.7,Verkehr
2012-10-01,109.4,Verkehr
2012-11-01,108.3,Verkehr
2012-12-01,108.1,Verkehr
2013-01-01,108.2,Verkehr
2013-02-01,108.6,Verkehr
2013-03-01,108.4,Verkehr
2013-04-01,107.9,Verkehr
2013-05-01,107.9,Verkehr
2013-06-01,108.2,Verkehr
2013-07-01,108.3,Verkehr
2013-08-01,108.4,Verkehr
2013-09-01,108.5,Verkehr
2013-10-01,107.2,Verkehr
2013-11-01,106.7,Verkehr
2013-12-01,107.4,Verkehr
2014-01-01,107.8,Verkehr
2014-02-01,107.9,Verkehr
2014-03-01,108.7,Verkehr
2014-04-01,108.7,Verkehr
2014-05-01,108.7,Verkehr
2014-06-01,109.1,Verkehr
2014-07-01,108.9,Verkehr
2014-08-01,109,Verkehr
2014-09-01,109,Verkehr
2014-10-01,108.2,Verkehr
2014-11-01,107.1,Verkehr
2014-12-01,105.7,Verkehr
2015-01-01,103.6,Verkehr
2015-02-01,103.9,Verkehr
2015-03-01,105.4,Verkehr
2015-04-01,105.8,Verkehr
2015-05-01,106.4,Verkehr
2015-06-01,106.6,Verkehr
2015-07-01,106.6,Verkehr
2015-08-01,105.5,Verkehr
2015-09-01,104.3,Verkehr
2015-10-01,103.9,Verkehr
2015-11-01,103.4,Verkehr
2015-12-01,103.5,Verkehr
2016-01-01,101.865991666667,Verkehr
2016-02-01,100.607091666667,Verkehr
2016-03-01,101.446358333333,Verkehr
2016-04-01,102.075808333333,Verkehr
2016-05-01,103.334708333333,Verkehr
2016-06-01,103.754341666667,Verkehr
2016-07-01,103.964158333333,Verkehr
2016-08-01,103.124891666667,Verkehr
2016-09-01,103.439616666667,Verkehr
2016-10-01,104.278883333333,Verkehr
2016-11-01,103.754341666667,Verkehr
2016-12-01,104.803425,Verkehr
2017-01-01,106.167233333333,Verkehr
2017-02-01,106.062325,Verkehr
2017-03-01,105.327966666667,Verkehr
2017-04-01,106.691775,Verkehr
2017-05-01,105.957416666667,Verkehr
2017-06-01,105.327966666667,Verkehr
2017-07-01,105.7476,Verkehr
2017-08-01,105.7476,Verkehr
2017-09-01,106.272141666667,Verkehr
2017-10-01,106.062325,Verkehr
2017-11-01,106.272141666667,Verkehr
2017-12-01,107.111408333333,Verkehr
2018-01-01,107.216316666667,Verkehr
2018-02-01,107.216316666667,Verkehr
2018-03-01,106.796683333333,Verkehr
2018-04-01,108.055583333333,Verkehr
2018-05-01,109.314483333333,Verkehr
2018-06-01,109.629208333333,Verkehr
2018-07-01,109.734116666667,Verkehr
2018-08-01,110.048841666667,Verkehr
2018-09-01,110.363566666667,Verkehr
2018-10-01,111.41265,Verkehr
2018-11-01,110.573383333333,Verkehr
2018-12-01,109.419391666667,Verkehr
2019-01-01,108.055583333333,Verkehr
2019-02-01,107.740858333333,Verkehr
2019-03-01,108.2654,Verkehr
2019-04-01,109.943933333333,Verkehr
2019-05-01,110.15375,Verkehr
2019-06-01,110.048841666667,Verkehr
2019-07-01,109.734116666667,Verkehr
2019-08-01,109.629208333333,Verkehr
2019-09-01,109.734116666667,Verkehr
2019-10-01,109.734116666667,Verkehr
2019-11-01,109.629208333333,Verkehr
2019-12-01,110.258658333333,Verkehr
2020-01-01,110.678291666667,Verkehr
2020-02-01,109.629208333333,Verkehr
2020-03-01,107.845766666667,Verkehr
2020-04-01,108.055583333333,Verkehr
2020-05-01,106.691775,Verkehr
2020-06-01,106.691775,Verkehr
2020-07-01,107.0065,Verkehr
2020-08-01,107.216316666667,Verkehr
2020-09-01,106.481958333333,Verkehr
2020-10-01,106.167233333333,Verkehr
2020-11-01,106.272141666667,Verkehr
2020-12-01,107.531041666667,Verkehr
2021-01-01,108.705044597917,Verkehr
2021-02-01,109.995312189583,Verkehr
2021-03-01,111.715668978472,Verkehr
2021-04-01,111.823191277778,Verkehr
2021-05-01,112.468325073611,Verkehr
2021-06-01,113.651070365972,Verkehr
2021-07-01,115.693994052778,Verkehr
2021-08-01,117.199306243056,Verkehr
2021-09-01,116.446650147917,Verkehr
2021-10-01,118.382051535417,Verkehr
2021-11-01,119.242229929861,Verkehr
2021-12-01,120.424975222222,Verkehr
2022-01-01,120.855064419444,Verkehr
2022-02-01,121.607720514583,Verkehr
2022-03-01,129.456848363889,Verkehr
2022-04-01,132.037383547222,Verkehr
2022-05-01,133.972784934722,Verkehr
2022-06-01,138.488721505556,Verkehr
2022-07-01,140.961734389583,Verkehr
2022-08-01,136.875887015972,Verkehr
2022-09-01,136.875887015972,Verkehr
2022-10-01,138.058632308333,Verkehr
2022-11-01,136.44579781875,Verkehr
2022-12-01,133.435173438194,Verkehr
2023-01-01,134.295351832639,Verkehr
2023-02-01,134.832963329167,Verkehr
2023-03-01,134.725441029861,Verkehr
2023-04-01,135.370574825694,Verkehr
2023-05-01,134.187829533333,Verkehr
2023-06-01,134.295351832639,Verkehr
2023-07-01,135.048007927778,Verkehr
2011-01-01,101.9,Verschiedene Waren und Dienstleistungen
2011-02-01,102.1,Verschiedene Waren und Dienstleistungen
2011-03-01,102.4,Verschiedene Waren und Dienstleistungen
2011-04-01,102.8,Verschiedene Waren und Dienstleistungen
2011-05-01,103.1,Verschiedene Waren und Dienstleistungen
2011-06-01,103.1,Verschiedene Waren und Dienstleistungen
2011-07-01,103.4,Verschiedene Waren und Dienstleistungen
2011-08-01,103.6,Verschiedene Waren und Dienstleistungen
2011-09-01,103.7,Verschiedene Waren und Dienstleistungen
2011-10-01,104,Verschiedene Waren und Dienstleistungen
2011-11-01,103.9,Verschiedene Waren und Dienstleistungen
2011-12-01,104,Verschiedene Waren und Dienstleistungen
2012-01-01,105,Verschiedene Waren und Dienstleistungen
2012-02-01,105.4,Verschiedene Waren und Dienstleistungen
2012-03-01,105.5,Verschiedene Waren und Dienstleistungen
2012-04-01,105.8,Verschiedene Waren und Dienstleistungen
2012-05-01,105.9,Verschiedene Waren und Dienstleistungen
2012-06-01,105.9,Verschiedene Waren und Dienstleistungen
2012-07-01,106.4,Verschiedene Waren und Dienstleistungen
2012-08-01,106.3,Verschiedene Waren und Dienstleistungen
2012-09-01,106.6,Verschiedene Waren und Dienstleistungen
2012-10-01,106.7,Verschiedene Waren und Dienstleistungen
2012-11-01,106.8,Verschiedene Waren und Dienstleistungen
2012-12-01,106.9,Verschiedene Waren und Dienstleistungen
2013-01-01,107.2,Verschiedene Waren und Dienstleistungen
2013-02-01,107.5,Verschiedene Waren und Dienstleistungen
2013-03-01,107.5,Verschiedene Waren und Dienstleistungen
2013-04-01,108,Verschiedene Waren und Dienstleistungen
2013-05-01,108,Verschiedene Waren und Dienstleistungen
2013-06-01,108,Verschiedene Waren und Dienstleistungen
2013-07-01,108.1,Verschiedene Waren und Dienstleistungen
2013-08-01,108.1,Verschiedene Waren und Dienstleistungen
2013-09-01,108.2,Verschiedene Waren und Dienstleistungen
2013-10-01,108.2,Verschiedene Waren und Dienstleistungen
2013-11-01,108.1,Verschiedene Waren und Dienstleistungen
2013-12-01,108,Verschiedene Waren und Dienstleistungen
2014-01-01,109.1,Verschiedene Waren und Dienstleistungen
2014-02-01,109.2,Verschiedene Waren und Dienstleistungen
2014-03-01,109.4,Verschiedene Waren und Dienstleistungen
2014-04-01,109.9,Verschiedene Waren und Dienstleistungen
2014-05-01,109.9,Verschiedene Waren und Dienstleistungen
2014-06-01,109.8,Verschiedene Waren und Dienstleistungen
2014-07-01,109.7,Verschiedene Waren und Dienstleistungen
2014-08-01,109.6,Verschiedene Waren und Dienstleistungen
2014-09-01,109.8,Verschiedene Waren und Dienstleistungen
2014-10-01,110.1,Verschiedene Waren und Dienstleistungen
2014-11-01,110.1,Verschiedene Waren und Dienstleistungen
2014-12-01,110.2,Verschiedene Waren und Dienstleistungen
2015-01-01,110.9,Verschiedene Waren und Dienstleistungen
2015-02-01,111.2,Verschiedene Waren und Dienstleistungen
2015-03-01,111.4,Verschiedene Waren und Dienstleistungen
2015-04-01,112,Verschiedene Waren und Dienstleistungen
2015-05-01,112,Verschiedene Waren und Dienstleistungen
2015-06-01,112.2,Verschiedene Waren und Dienstleistungen
2015-07-01,112.1,Verschiedene Waren und Dienstleistungen
2015-08-01,112.1,Verschiedene Waren und Dienstleistungen
2015-09-01,112,Verschiedene Waren und Dienstleistungen
2015-10-01,112.1,Verschiedene Waren und Dienstleistungen
2015-11-01,112.4,Verschiedene Waren und Dienstleistungen
2015-12-01,112.4,Verschiedene Waren und Dienstleistungen
2016-01-01,113.4666,Verschiedene Waren und Dienstleistungen
2016-02-01,113.5785,Verschiedene Waren und Dienstleistungen
2016-03-01,113.3547,Verschiedene Waren und Dienstleistungen
2016-04-01,113.4666,Verschiedene Waren und Dienstleistungen
2016-05-01,113.5785,Verschiedene Waren und Dienstleistungen
2016-06-01,113.5785,Verschiedene Waren und Dienstleistungen
2016-07-01,113.6904,Verschiedene Waren und Dienstleistungen
2016-08-01,113.6904,Verschiedene Waren und Dienstleistungen
2016-09-01,113.6904,Verschiedene Waren und Dienstleistungen
2016-10-01,113.5785,Verschiedene Waren und Dienstleistungen
2016-11-01,113.6904,Verschiedene Waren und Dienstleistungen
2016-12-01,113.8023,Verschiedene Waren und Dienstleistungen
2017-01-01,114.3618,Verschiedene Waren und Dienstleistungen
2017-02-01,114.5856,Verschiedene Waren und Dienstleistungen
2017-03-01,114.8094,Verschiedene Waren und Dienstleistungen
2017-04-01,115.257,Verschiedene Waren und Dienstleistungen
2017-05-01,115.4808,Verschiedene Waren und Dienstleistungen
2017-06-01,115.4808,Verschiedene Waren und Dienstleistungen
2017-07-01,115.4808,Verschiedene Waren und Dienstleistungen
2017-08-01,115.4808,Verschiedene Waren und Dienstleistungen
2017-09-01,115.7046,Verschiedene Waren und Dienstleistungen
2017-10-01,115.5927,Verschiedene Waren und Dienstleistungen
2017-11-01,115.5927,Verschiedene Waren und Dienstleistungen
2017-12-01,115.5927,Verschiedene Waren und Dienstleistungen
2018-01-01,116.9355,Verschiedene Waren und Dienstleistungen
2018-02-01,117.1593,Verschiedene Waren und Dienstleistungen
2018-03-01,117.3831,Verschiedene Waren und Dienstleistungen
2018-04-01,117.6069,Verschiedene Waren und Dienstleistungen
2018-05-01,117.3831,Verschiedene Waren und Dienstleistungen
2018-06-01,117.7188,Verschiedene Waren und Dienstleistungen
2018-07-01,117.8307,Verschiedene Waren und Dienstleistungen
2018-08-01,118.0545,Verschiedene Waren und Dienstleistungen
2018-09-01,118.1664,Verschiedene Waren und Dienstleistungen
2018-10-01,118.0545,Verschiedene Waren und Dienstleistungen
2018-11-01,118.0545,Verschiedene Waren und Dienstleistungen
2018-12-01,117.9426,Verschiedene Waren und Dienstleistungen
2019-01-01,118.94970000000001,Verschiedene Waren und Dienstleistungen
2019-02-01,119.1735,Verschiedene Waren und Dienstleistungen
2019-03-01,119.3973,Verschiedene Waren und Dienstleistungen
2019-04-01,119.6211,Verschiedene Waren und Dienstleistungen
2019-05-01,119.8449,Verschiedene Waren und Dienstleistungen
2019-06-01,119.733,Verschiedene Waren und Dienstleistungen
2019-07-01,119.5092,Verschiedene Waren und Dienstleistungen
2019-08-01,119.6211,Verschiedene Waren und Dienstleistungen
2019-09-01,119.9568,Verschiedene Waren und Dienstleistungen
2019-10-01,120.0687,Verschiedene Waren und Dienstleistungen
2019-11-01,120.2925,Verschiedene Waren und Dienstleistungen
2019-12-01,120.6282,Verschiedene Waren und Dienstleistungen
2020-01-01,121.4115,Verschiedene Waren und Dienstleistungen
2020-02-01,121.6353,Verschiedene Waren und Dienstleistungen
2020-03-01,121.7472,Verschiedene Waren und Dienstleistungen
2020-04-01,122.0829,Verschiedene Waren und Dienstleistungen
2020-05-01,121.8591,Verschiedene Waren und Dienstleistungen
2020-06-01,122.1948,Verschiedene Waren und Dienstleistungen
2020-07-01,122.6424,Verschiedene Waren und Dienstleistungen
2020-08-01,122.5305,Verschiedene Waren und Dienstleistungen
2020-09-01,122.9781,Verschiedene Waren und Dienstleistungen
2020-10-01,123.09,Verschiedene Waren und Dienstleistungen
2020-11-01,122.8662,Verschiedene Waren und Dienstleistungen
2020-12-01,122.7543,Verschiedene Waren und Dienstleistungen
2021-01-01,123.172237175,Verschiedene Waren und Dienstleistungen
2021-02-01,123.416869225,Verschiedene Waren und Dienstleistungen
2021-03-01,123.53918525,Verschiedene Waren und Dienstleistungen
2021-04-01,123.906133325,Verschiedene Waren und Dienstleistungen
2021-05-01,123.906133325,Verschiedene Waren und Dienstleistungen
2021-06-01,123.7838173,Verschiedene Waren und Dienstleistungen
2021-07-01,124.150765375,Verschiedene Waren und Dienstleistungen
2021-08-01,124.02844935,Verschiedene Waren und Dienstleistungen
2021-09-01,124.2730814,Verschiedene Waren und Dienstleistungen
2021-10-01,124.395397425,Verschiedene Waren und Dienstleistungen
2021-11-01,124.51771345,Verschiedene Waren und Dienstleistungen
2021-12-01,124.395397425,Verschiedene Waren und Dienstleistungen
2022-01-01,125.2516096,Verschiedene Waren und Dienstleistungen
2022-02-01,125.49624165,Verschiedene Waren und Dienstleistungen
2022-03-01,126.107821775,Verschiedene Waren und Dienstleistungen
2022-04-01,126.107821775,Verschiedene Waren und Dienstleistungen
2022-05-01,126.47476985,Verschiedene Waren und Dienstleistungen
2022-06-01,126.47476985,Verschiedene Waren und Dienstleistungen
2022-07-01,126.7194019,Verschiedene Waren und Dienstleistungen
2022-08-01,126.96403395,Verschiedene Waren und Dienstleistungen
2022-09-01,129.1657224,Verschiedene Waren und Dienstleistungen
2022-10-01,130.1442506,Verschiedene Waren und Dienstleistungen
2022-11-01,130.511198675,Verschiedene Waren und Dienstleistungen
2022-12-01,130.87814675,Verschiedene Waren und Dienstleistungen
2023-01-01,133.81373135,Verschiedene Waren und Dienstleistungen
2023-02-01,134.5476275,Verschiedene Waren und Dienstleistungen
2023-03-01,135.5261557,Verschiedene Waren und Dienstleistungen
2023-04-01,136.5046839,Verschiedene Waren und Dienstleistungen
2023-05-01,136.993948,Verschiedene Waren und Dienstleistungen
2023-06-01,136.993948,Verschiedene Waren und Dienstleistungen
2023-07-01,137.23858005,Verschiedene Waren und Dienstleistungen
2011-01-01,101.3,Wohnungsmieten
2011-02-01,101.6,Wohnungsmieten
2011-03-01,101.8,Wohnungsmieten
2011-04-01,102,Wohnungsmieten
2011-05-01,102.5,Wohnungsmieten
2011-06-01,103,Wohnungsmieten
2011-07-01,103.4,Wohnungsmieten
2011-08-01,104.1,Wohnungsmieten
2011-09-01,104.6,Wohnungsmieten
2011-10-01,104.8,Wohnungsmieten
2011-11-01,105.1,Wohnungsmieten
2011-12-01,105.1,Wohnungsmieten
2012-01-01,105.5,Wohnungsmieten
2012-02-01,106,Wohnungsmieten
2012-03-01,106.3,Wohnungsmieten
2012-04-01,107,Wohnungsmieten
2012-05-01,107.7,Wohnungsmieten
2012-06-01,108.2,Wohnungsmieten
2012-07-01,108.4,Wohnungsmieten
2012-08-01,108.4,Wohnungsmieten
2012-09-01,108.4,Wohnungsmieten
2012-10-01,108.9,Wohnungsmieten
2012-11-01,109.3,Wohnungsmieten
2012-12-01,109.8,Wohnungsmieten
2013-01-01,110.1,Wohnungsmieten
2013-02-01,110.3,Wohnungsmieten
2013-03-01,110.3,Wohnungsmieten
2013-04-01,110.5,Wohnungsmieten
2013-05-01,110.8,Wohnungsmieten
2013-06-01,111,Wohnungsmieten
2013-07-01,111.2,Wohnungsmieten
2013-08-01,111.5,Wohnungsmieten
2013-09-01,111.7,Wohnungsmieten
2013-10-01,111.9,Wohnungsmieten
2013-11-01,112.2,Wohnungsmieten
2013-12-01,112.6,Wohnungsmieten
2014-01-01,113.1,Wohnungsmieten
2014-02-01,113.6,Wohnungsmieten
2014-03-01,114.1,Wohnungsmieten
2014-04-01,114.5,Wohnungsmieten
2014-05-01,114.8,Wohnungsmieten
2014-06-01,115.2,Wohnungsmieten
2014-07-01,115.7,Wohnungsmieten
2014-08-01,116.2,Wohnungsmieten
2014-09-01,116.7,Wohnungsmieten
2014-10-01,117.1,Wohnungsmieten
2014-11-01,117.8,Wohnungsmieten
2014-12-01,118.3,Wohnungsmieten
2015-01-01,119,Wohnungsmieten
2015-02-01,119.2,Wohnungsmieten
2015-03-01,119.7,Wohnungsmieten
2015-04-01,120.2,Wohnungsmieten
2015-05-01,120.4,Wohnungsmieten
2015-06-01,120.9,Wohnungsmieten
2015-07-01,121.4,Wohnungsmieten
2015-08-01,121.4,Wohnungsmieten
2015-09-01,121.4,Wohnungsmieten
2015-10-01,121.4,Wohnungsmieten
2015-11-01,121.6,Wohnungsmieten
2015-12-01,121.6,Wohnungsmieten
2016-01-01,121.890166666667,Wohnungsmieten
2016-02-01,122.3729,Wohnungsmieten
2016-03-01,122.976316666667,Wohnungsmieten
2016-04-01,123.45905,Wohnungsmieten
2016-05-01,123.941783333333,Wohnungsmieten
2016-06-01,124.18315,Wohnungsmieten
2016-07-01,124.665883333333,Wohnungsmieten
2016-08-01,125.148616666667,Wohnungsmieten
2016-09-01,125.389983333333,Wohnungsmieten
2016-10-01,125.872716666667,Wohnungsmieten
2016-11-01,126.35545,Wohnungsmieten
2016-12-01,126.838183333333,Wohnungsmieten
2017-01-01,127.07955,Wohnungsmieten
2017-02-01,127.4416,Wohnungsmieten
2017-03-01,127.682966666667,Wohnungsmieten
2017-04-01,128.1657,Wohnungsmieten
2017-05-01,128.648433333333,Wohnungsmieten
2017-06-01,129.372533333333,Wohnungsmieten
2017-07-01,129.855266666667,Wohnungsmieten
2017-08-01,130.338,Wohnungsmieten
2017-09-01,130.820733333333,Wohnungsmieten
2017-10-01,131.544833333333,Wohnungsmieten
2017-11-01,131.7862,Wohnungsmieten
2017-12-01,132.027566666667,Wohnungsmieten
2018-01-01,132.389616666667,Wohnungsmieten
2018-02-01,132.630983333333,Wohnungsmieten
2018-03-01,132.87235,Wohnungsmieten
2018-04-01,133.113716666667,Wohnungsmieten
2018-05-01,133.59645,Wohnungsmieten
2018-06-01,134.079183333333,Wohnungsmieten
2018-07-01,134.561916666667,Wohnungsmieten
2018-08-01,135.04465,Wohnungsmieten
2018-09-01,135.527383333333,Wohnungsmieten
2018-10-01,136.010116666667,Wohnungsmieten
2018-11-01,136.251483333333,Wohnungsmieten
2018-12-01,136.49285,Wohnungsmieten
2019-01-01,136.734216666667,Wohnungsmieten
2019-02-01,136.975583333333,Wohnungsmieten
2019-03-01,137.21695,Wohnungsmieten
2019-04-01,137.337633333333,Wohnungsmieten
2019-05-01,138.061733333333,Wohnungsmieten
2019-06-01,138.544466666667,Wohnungsmieten
2019-07-01,139.0272,Wohnungsmieten
2019-08-01,139.0272,Wohnungsmieten
2019-09-01,139.0272,Wohnungsmieten
2019-10-01,139.0272,Wohnungsmieten
2019-11-01,139.509933333333,Wohnungsmieten
2019-12-01,139.992666666667,Wohnungsmieten
2020-01-01,140.4754,Wohnungsmieten
2020-02-01,140.958133333333,Wohnungsmieten
2020-03-01,141.1995,Wohnungsmieten
2020-04-01,141.682233333333,Wohnungsmieten
2020-05-01,142.527016666667,Wohnungsmieten
2020-06-01,143.73385,Wohnungsmieten
2020-07-01,144.699316666667,Wohnungsmieten
2020-08-01,145.423416666667,Wohnungsmieten
2020-09-01,146.147516666667,Wohnungsmieten
2020-10-01,146.871616666667,Wohnungsmieten
2020-11-01,147.35435,Wohnungsmieten
2020-12-01,147.7164,Wohnungsmieten
2021-01-01,148.2436353125,Wohnungsmieten
2021-02-01,148.531766770833,Wohnungsmieten
2021-03-01,148.6758325,Wohnungsmieten
2021-04-01,148.819898229167,Wohnungsmieten
2021-05-01,148.2436353125,Wohnungsmieten
2021-06-01,147.523306666667,Wohnungsmieten
2021-07-01,146.5148465625,Wohnungsmieten
2021-08-01,146.082649375,Wohnungsmieten
2021-09-01,145.506386458333,Wohnungsmieten
2021-10-01,144.7860578125,Wohnungsmieten
2021-11-01,144.7860578125,Wohnungsmieten
2021-12-01,144.930123541667,Wohnungsmieten
2022-01-01,144.930123541667,Wohnungsmieten
2022-02-01,145.362320729167,Wohnungsmieten
2022-03-01,145.6504521875,Wohnungsmieten
2022-04-01,146.082649375,Wohnungsmieten
2022-05-01,146.94704375,Wohnungsmieten
2022-06-01,147.667372395833,Wohnungsmieten
2022-07-01,148.387701041667,Wohnungsmieten
2022-08-01,148.6758325,Wohnungsmieten
2022-09-01,149.540226875,Wohnungsmieten
2022-10-01,150.116489791667,Wohnungsmieten
2022-11-01,151.269015625,Wohnungsmieten
2022-12-01,152.709672916667,Wohnungsmieten
2023-01-01,153.574067291667,Wohnungsmieten
2023-02-01,154.582527395833,Wohnungsmieten
2023-03-01,155.302856041667,Wohnungsmieten
2023-04-01,156.311316145833,Wohnungsmieten
2023-05-01,157.896039166667,Wohnungsmieten
2023-06-01,158.760433541667,Wohnungsmieten
2023-07-01,159.912959375,Wohnungsmieten
2011-01-01,101.5,"Wohnung, Wasser, Energie"
2011-02-01,101.9,"Wohnung, Wasser, Energie"
2011-03-01,102.4,"Wohnung, Wasser, Energie"
2011-04-01,102.6,"Wohnung, Wasser, Energie"
2011-05-01,102.7,"Wohnung, Wasser, Energie"
2011-06-01,103,"Wohnung, Wasser, Energie"
2011-07-01,103.4,"Wohnung, Wasser, Energie"
2011-08-01,103.7,"Wohnung, Wasser, Energie"
2011-09-01,104.1,"Wohnung, Wasser, Energie"
2011-10-01,104.3,"Wohnung, Wasser, Energie"
2011-11-01,104.7,"Wohnung, Wasser, Energie"
2011-12-01,104.6,"Wohnung, Wasser, Energie"
2012-01-01,105.2,"Wohnung, Wasser, Energie"
2012-02-01,105.4,"Wohnung, Wasser, Energie"
2012-03-01,105.8,"Wohnung, Wasser, Energie"
2012-04-01,106,"Wohnung, Wasser, Energie"
2012-05-01,106.3,"Wohnung, Wasser, Energie"
2012-06-01,106.3,"Wohnung, Wasser, Energie"
2012-07-01,106.8,"Wohnung, Wasser, Energie"
2012-08-01,107,"Wohnung, Wasser, Energie"
2012-09-01,107.2,"Wohnung, Wasser, Energie"
2012-10-01,107.5,"Wohnung, Wasser, Energie"
2012-11-01,107.6,"Wohnung, Wasser, Energie"
2012-12-01,107.8,"Wohnung, Wasser, Energie"
2013-01-01,108.5,"Wohnung, Wasser, Energie"
2013-02-01,108.8,"Wohnung, Wasser, Energie"
2013-03-01,108.7,"Wohnung, Wasser, Energie"
2013-04-01,108.7,"Wohnung, Wasser, Energie"
2013-05-01,108.9,"Wohnung, Wasser, Energie"
2013-06-01,108.9,"Wohnung, Wasser, Energie"
2013-07-01,109.2,"Wohnung, Wasser, Energie"
2013-08-01,109.3,"Wohnung, Wasser, Energie"
2013-09-01,109.5,"Wohnung, Wasser, Energie"
2013-10-01,109.6,"Wohnung, Wasser, Energie"
2013-11-01,109.6,"Wohnung, Wasser, Energie"
2013-12-01,109.8,"Wohnung, Wasser, Energie"
2014-01-01,110.2,"Wohnung, Wasser, Energie"
2014-02-01,110.4,"Wohnung, Wasser, Energie"
2014-03-01,110.4,"Wohnung, Wasser, Energie"
2014-04-01,110.6,"Wohnung, Wasser, Energie"
2014-05-01,110.8,"Wohnung, Wasser, Energie"
2014-06-01,111,"Wohnung, Wasser, Energie"
2014-07-01,111,"Wohnung, Wasser, Energie"
2014-08-01,111.1,"Wohnung, Wasser, Energie"
2014-09-01,111.4,"Wohnung, Wasser, Energie"
2014-10-01,111.2,"Wohnung, Wasser, Energie"
2014-11-01,111.3,"Wohnung, Wasser, Energie"
2014-12-01,110.9,"Wohnung, Wasser, Energie"
2015-01-01,111.4,"Wohnung, Wasser, Energie"
2015-02-01,111.9,"Wohnung, Wasser, Energie"
2015-03-01,112.2,"Wohnung, Wasser, Energie"
2015-04-01,112.2,"Wohnung, Wasser, Energie"
2015-05-01,112.4,"Wohnung, Wasser, Energie"
2015-06-01,112.5,"Wohnung, Wasser, Energie"
2015-07-01,112.6,"Wohnung, Wasser, Energie"
2015-08-01,112.2,"Wohnung, Wasser, Energie"
2015-09-01,112.3,"Wohnung, Wasser, Energie"
2015-10-01,112.1,"Wohnung, Wasser, Energie"
2015-11-01,112.2,"Wohnung, Wasser, Energie"
2015-12-01,111.8,"Wohnung, Wasser, Energie"
2016-01-01,112.03785,"Wohnung, Wasser, Energie"
2016-02-01,112.15,"Wohnung, Wasser, Energie"
2016-03-01,112.48645,"Wohnung, Wasser, Energie"
2016-04-01,112.5986,"Wohnung, Wasser, Energie"
2016-05-01,113.0472,"Wohnung, Wasser, Energie"
2016-06-01,113.15935,"Wohnung, Wasser, Energie"
2016-07-01,113.2715,"Wohnung, Wasser, Energie"
2016-08-01,113.2715,"Wohnung, Wasser, Energie"
2016-09-01,113.4958,"Wohnung, Wasser, Energie"
2016-10-01,113.60795,"Wohnung, Wasser, Energie"
2016-11-01,113.60795,"Wohnung, Wasser, Energie"
2016-12-01,114.05655,"Wohnung, Wasser, Energie"
2017-01-01,113.9444,"Wohnung, Wasser, Energie"
2017-02-01,114.28085,"Wohnung, Wasser, Energie"
2017-03-01,114.393,"Wohnung, Wasser, Energie"
2017-04-01,114.393,"Wohnung, Wasser, Energie"
2017-05-01,114.72945,"Wohnung, Wasser, Energie"
2017-06-01,114.72945,"Wohnung, Wasser, Energie"
2017-07-01,114.95375,"Wohnung, Wasser, Energie"
2017-08-01,115.0659,"Wohnung, Wasser, Energie"
2017-09-01,115.5145,"Wohnung, Wasser, Energie"
2017-10-01,115.85095,"Wohnung, Wasser, Energie"
2017-11-01,116.07525,"Wohnung, Wasser, Energie"
2017-12-01,116.29955,"Wohnung, Wasser, Energie"
2018-01-01,116.52385,"Wohnung, Wasser, Energie"
2018-02-01,116.52385,"Wohnung, Wasser, Energie"
2018-03-01,116.636,"Wohnung, Wasser, Energie"
2018-04-01,116.74815,"Wohnung, Wasser, Energie"
2018-05-01,117.19675,"Wohnung, Wasser, Energie"
2018-06-01,117.3089,"Wohnung, Wasser, Energie"
2018-07-01,117.5332,"Wohnung, Wasser, Energie"
2018-08-01,117.7575,"Wohnung, Wasser, Energie"
2018-09-01,118.09395,"Wohnung, Wasser, Energie"
2018-10-01,119.1033,"Wohnung, Wasser, Energie"
2018-11-01,119.3276,"Wohnung, Wasser, Energie"
2018-12-01,118.99115,"Wohnung, Wasser, Energie"
2019-01-01,119.43975,"Wohnung, Wasser, Energie"
2019-02-01,119.7762,"Wohnung, Wasser, Energie"
2019-03-01,120.11265,"Wohnung, Wasser, Energie"
2019-04-01,120.2248,"Wohnung, Wasser, Energie"
2019-05-01,120.6734,"Wohnung, Wasser, Energie"
2019-06-01,120.8977,"Wohnung, Wasser, Energie"
2019-07-01,121.122,"Wohnung, Wasser, Energie"
2019-08-01,121.3463,"Wohnung, Wasser, Energie"
2019-09-01,121.45845,"Wohnung, Wasser, Energie"
2019-10-01,121.5706,"Wohnung, Wasser, Energie"
2019-11-01,121.7949,"Wohnung, Wasser, Energie"
2019-12-01,122.0192,"Wohnung, Wasser, Energie"
2020-01-01,123.02855,"Wohnung, Wasser, Energie"
2020-02-01,123.1407,"Wohnung, Wasser, Energie"
2020-03-01,123.02855,"Wohnung, Wasser, Energie"
2020-04-01,123.02855,"Wohnung, Wasser, Energie"
2020-05-01,123.365,"Wohnung, Wasser, Energie"
2020-06-01,123.70145,"Wohnung, Wasser, Energie"
2020-07-01,123.92575,"Wohnung, Wasser, Energie"
2020-08-01,124.15005,"Wohnung, Wasser, Energie"
2020-09-01,124.26220000000001,"Wohnung, Wasser, Energie"
2020-10-01,124.26220000000001,"Wohnung, Wasser, Energie"
2020-11-01,124.37435,"Wohnung, Wasser, Energie"
2020-12-01,124.59865,"Wohnung, Wasser, Energie"
2021-01-01,125.594915833333,"Wohnung, Wasser, Energie"
2021-02-01,126.337348833333,"Wohnung, Wasser, Energie"
2021-03-01,126.5848265,"Wohnung, Wasser, Energie"
2021-04-01,126.708565333333,"Wohnung, Wasser, Energie"
2021-05-01,127.079781833333,"Wohnung, Wasser, Energie"
2021-06-01,127.450998333333,"Wohnung, Wasser, Energie"
2021-07-01,127.945953666667,"Wohnung, Wasser, Energie"
2021-08-01,128.564647833333,"Wohnung, Wasser, Energie"
2021-09-01,129.059603166667,"Wohnung, Wasser, Energie"
2021-10-01,130.173252666667,"Wohnung, Wasser, Energie"
2021-11-01,130.915685666667,"Wohnung, Wasser, Energie"
2021-12-01,131.286902166667,"Wohnung, Wasser, Energie"
2022-01-01,132.895507,"Wohnung, Wasser, Energie"
2022-02-01,136.112716666667,"Wohnung, Wasser, Energie"
2022-03-01,138.216276833333,"Wohnung, Wasser, Energie"
2022-04-01,138.587493333333,"Wohnung, Wasser, Energie"
2022-05-01,139.082448666667,"Wohnung, Wasser, Energie"
2022-06-01,140.567314666667,"Wohnung, Wasser, Energie"
2022-07-01,143.908263166667,"Wohnung, Wasser, Energie"
2022-08-01,146.383039833333,"Wohnung, Wasser, Energie"
2022-09-01,154.673541666667,"Wohnung, Wasser, Energie"
2022-10-01,155.168497,"Wohnung, Wasser, Energie"
2022-11-01,154.7972805,"Wohnung, Wasser, Energie"
2022-12-01,151.8275485,"Wohnung, Wasser, Energie"
2023-01-01,158.5094455,"Wohnung, Wasser, Energie"
2023-02-01,158.756923166667,"Wohnung, Wasser, Energie"
2023-03-01,157.7670125,"Wohnung, Wasser, Energie"
2023-04-01,158.756923166667,"Wohnung, Wasser, Energie"
2023-05-01,160.118050333333,"Wohnung, Wasser, Energie"
2023-06-01,160.365528,"Wohnung, Wasser, Energie"
2023-07-01,159.746833833333,"Wohnung, Wasser, Energie"
